<?xml version="1.0" encoding="UTF-8"?>
<!-- BINGIE -->
<window id="1107">
    <defaultcontrol always="true">9000</defaultcontrol>
    <onload>SetProperty(CustomSearch,1,home)</onload>
    <include>BingieViews_WindowOpen_Fade</include>
	<controls>
        <!-- Global Background -->
        <include content="GlobalFanartWithOverlay" condition="Skin.HasSetting(EnableBingieSearchFanart)">
            <param name="overlay_percent" value="75%" />
        </include>
        <!-- Now Playing -->
        <include>NowPlayingBackground</include>
        <include>NowPlayingInfoBar</include>
        <!-- Hidden Result Scrollbar -->
        <control type="scrollbar" id="666">
            <visible>[Skin.HasSetting(EnableTouchSupport) | Skin.HasSetting(alwaysShowScrollbars)] + Integer.IsGreater(Container(77777).NumItems,0)</visible>
            <right>0</right>
            <top>127</top>
            <height>930</height>
            <width>15</width>
            <orientation>vertical</orientation>
            <onleft>77777</onleft>
            <showonepage>false</showonepage>
        </control>

        <!-- ########## Left Layout ########## -->
        <!-- Pseudo-Keyboard Layout -->
        <control type="grouplist" id="9000">
            <include>SearchSuggestionsAnim</include>
            <visible>!$EXP[IsActualKeyboardActive]</visible>
            <top>65</top>
            <left>90</left>
            <height>500</height>
            <orientation>vertical</orientation>
            <itemgap>-10</itemgap>
            <defaultcontrol>101</defaultcontrol>
            <onup>9900</onup>
            <ondown>1007</ondown>
            <onright condition="!Integer.IsGreater(Container(77777).NumItems,0)">9900</onright>
            <!-- Space / Backspace Row -->
            <include content="SearchKeyboardRow">
                <param name="id" value="1000" />
                <param name="onleft" value="noop" />
                <param name="onright" value="77777" />
                <param name="row_include" value="SearchKeyboardRow_BackspaceAndSpace_Row" />
            </include>
            <!-- First Row -->
            <include content="SearchKeyboardRow">
                <param name="id" value="1001" />
                <param name="onleft" value="noop" />
                <param name="onright" value="77777" />
                <param name="row_include" value="SearchKeyboardRow_First_Row" />
            </include>
            <!-- Second Row -->
            <include content="SearchKeyboardRow">
                <param name="id" value="1002" />
                <param name="onleft" value="noop" />
                <param name="onright" value="77777" />
                <param name="row_include" value="SearchKeyboardRow_Second_Row" />
            </include>
            <!-- Third Row -->
            <include content="SearchKeyboardRow">
                <param name="id" value="1003" />
                <param name="onleft" value="noop" />
                <param name="onright" value="77777" />
                <param name="row_include" value="SearchKeyboardRow_Third_Row" />
            </include>
            <!-- Fourth Row -->
            <include content="SearchKeyboardRow">
                <param name="id" value="1004" />
                <param name="onleft" value="noop" />
                <param name="onright" value="77777" />
                <param name="row_include" value="SearchKeyboardRow_Fourth_Row" />
            </include>
            <!-- Fifth Row -->
            <include content="SearchKeyboardRow">
                <param name="id" value="1005" />
                <param name="onleft" value="noop" />
                <param name="onright" value="77777" />
                <param name="row_include" value="SearchKeyboardRow_Fifth_Row" />
            </include>
            <!-- Sixth Row -->
            <include content="SearchKeyboardRow">
                <param name="id" value="1006" />
                <param name="onleft" value="noop" />
                <param name="onright" value="77777" />
                <param name="row_include" value="SearchKeyboardRow_Sixth_Row" />
            </include>
        </control>

        <!-- Auto-Complete & Static Suggestions List [no static-suggestion for music yet] -->
        <include content="Search_Suggestions_Container">
            <include>SearchSuggestionsAnim</include>
            <param name="id" value="1007" />
            <param name="onitemfocus" value="" />
            <param name="onitemfocus2" value="" />
            <onclick condition="!String.IsEmpty(Skin.String(CustomSearchTerm))">Skin.SetString(CustomSearchTerm,$INFO[ListItem.Label])</onclick>
            <visible>!$EXP[IsActualKeyboardActive]</visible>
            <content>$VAR[SearchAutoCompleteContentProvider]</content>
        </include>

        <!--- ########## Right Layout ########## -->
        <control type="grouplist" id="9900">
            <left>505</left>
            <top>33</top>
            <height>70</height>
            <width>1315</width>
            <orientation>horizontal</orientation>
            <itemgap>25</itemgap>
            <usecontrolcoords>true</usecontrolcoords>
            <onleft>9000</onleft>
            <onback>9000</onback>
            <ondown condition="Integer.IsGreater(Container(77777).NumItems,0)">77777</ondown>
            <ondown condition="!Integer.IsGreater(Container(77777).NumItems,0)">9000</ondown>
            <!-- VirtualKeyboard -->
            <control type="button" id="990">
                <aligny>top</aligny>
                <width>60</width>
                <height>60</height>
                <label/>
                <onclick>Skin.SetString(CustomSearchTerm)</onclick>
                <texturefocus colordiffuse="$INFO[Skin.String(ViewDetailsTextColor)]">bingie/keyboard/keyboard.png</texturefocus>
                <texturenofocus colordiffuse="$INFO[Skin.String(BingieSecondaryTextColor)]">bingie/keyboard/keyboard.png</texturenofocus>
                <visible>Skin.HasSetting(EnableBingieSearchFullKeyboard)</visible>
            </control>
            <!-- Search Term -->
            <control type="label">
                <visible>!$EXP[IsActualKeyboardActive]</visible>
                <top>7</top>
                <width>1230</width>
                <height>70</height>
                <font>Reg42</font>
                <align>left</align>
                <aligny>top</aligny>
                <textcolor>$INFO[Skin.String(ViewDetailsTextColor)]</textcolor>
                <label>$VAR[SearchString]</label>
            </control>
        </control>
        <!-- Initial Msg / No Results Label -->
        <control type="label">
            <top>280</top>
            <left>500</left>
            <width>1320</width>
            <height>auto</height>
            <font>Reg42</font>
            <align>center</align>
            <aligny>top</aligny>
            <wrapmultiline>true</wrapmultiline>
            <textcolor>$INFO[Skin.String(BingieSecondaryTextColor)]</textcolor>
            <label>$VAR[EmptySearchResultsString]</label>
            <visible>!Container(77777).IsUpdating + !Integer.IsGreater(Container(77777).NumItems,0)</visible>
        </control>

        <!-- Results -->
        <control type="grouplist" id="77777">
            <top>125</top>
            <left>500</left>
            <orientation>vertical</orientation>
            <pagecontrol>666</pagecontrol>
            <onright>666</onright>
            <onup>9900</onup>
            <onleft>9000</onleft>
            <onback>9000</onback>
            <ondown>SetProperty(BounceDown,1,Home)</ondown>
            <include>Bounce_Down</include>
            <!-- Search Music Videos By Name -->
            <include content="MusicVideosSearchResultWidget" condition="Library.HasContent(musicvideos)">
                <param name="id" value="590" />
            </include>
            <!-- Search Music Albums By Name -->
            <include content="AlbumsSearchResultWidget" condition="Library.HasContent(music)">
                <param name="id" value="610" />
            </include>
            <!-- Search Artists By Name -->
            <include content="ArtistsSearchResultWidget" condition="Library.HasContent(music)">
                <param name="id" value="620" />
            </include>
            <!-- Search Songs By Name -->
            <include content="SongsSearchResultWidget" condition="Library.HasContent(music)">
                <param name="id" value="630" />
            </include>
        </control>
	</controls>
</window>
