<?xml version="1.0" encoding="utf-8"?>
<!-- BINGIE -->
<includes>

    <include name="View_508_SinglePoster">

        <!--View 508-->
        <control type="group">
            <visible>Control.IsVisible(508)</visible>
            <include>animation_view_change</include>
            <height>222</height>
			<bottom>13%</bottom>
			<control type="image">
                <visible>!String.IsEmpty(ListItem.Label)</visible>
                <posx>50</posx>
                <width>1820</width>
                <texture border="15">diffuse/bgpanel.png</texture>
				<colordiffuse>$VAR[ViewDetailsPanelColor]</colordiffuse>
            </control>
					
			<!--Info-->
			<control type="grouplist">
				<itemgap>0</itemgap>
				<orientation>vertical</orientation>
                <visible>Integer.IsGreater(Container.NumItems,0)</visible>
				<posx>60</posx>
				<posy>10</posy>
				<control type="label">
					<height>33</height>
					<width>1100</width>
					<font>Bold30</font>
					<textcolor>$INFO[Skin.String(ViewDetailsHighlightTextColor)]</textcolor><shadowcolor>$INFO[Skin.String(ViewDetailsHighlightTextShadowColor)]</shadowcolor>
					<label>[UPPERCASE]$VAR[mediatitle][/UPPERCASE]</label>
				</control>
					<control type="label">
					  <height>40</height>
					  <width>1100</width>
					  <font>Reg31</font>
					  <textcolor>$INFO[Skin.String(ViewDetailsTextColor)]</textcolor>
					  <shadowcolor>$INFO[Skin.String(ViewDetailsTextShadowColor)]</shadowcolor>
					  <label>$VAR[Details]</label>
				</control>
			   
				<control type="textbox">
					<posx>0</posx>
					<posy>0</posy>
					<width>1520</width>
					<height>130</height>
					<label>$VAR[Plots]</label>
					<textcolor>$INFO[Skin.String(ViewDetailsTextColor)]</textcolor>
					<shadowcolor>$INFO[Skin.String(ViewDetailsTextShadowColor)]</shadowcolor>
					<align>justify</align>
					<font>Light28</font>
					<visible>!Skin.HasSetting(View508_ShowCDart)</visible>
				</control>
				<control type="textbox">
					<posx>0</posx>
					<posy>0</posy>
					<width>1420</width>
					<height>130</height>
					<label>$VAR[Plots]</label>
					<textcolor>$INFO[Skin.String(ViewDetailsTextColor)]</textcolor>
					<shadowcolor>$INFO[Skin.String(ViewDetailsTextShadowColor)]</shadowcolor>
					<align>justify</align>
					<font>Light28</font>
					<visible>Skin.HasSetting(View508_ShowCDart)</visible>
				</control>
			</control>
            
            <!--cdart image-->
            <control type="image">
                <right>60</right>
                <bottom>65</bottom>
                <width>250</width>
                <height>250</height>
                <texture background="true" diffuse="diffuse/cdmask_medium_new.png" fallback="defaultcovers/cd_medium.png">$VAR[DiscArtImage]</texture>
                <aspectratio scalediffuse="false" align="center" aligny="center">scale</aspectratio>
                <animation effect="slide" start="0,0" end="-130,0" tween="cubic" easing="inout" time="1200" delay="1800">Visible</animation>
                <animation effect="fade" start="0" end="100" delay="1200" time="800" pulse="false">Visible</animation>
                <animation effect="rotate" end="-360" center="auto" time="20000" loop="true" reversible="false" condition="Skin.HasSetting(AnimateDiscArt)">Conditional</animation>
                <visible>Skin.HasSetting(View508_ShowCDart) + !String.StartsWith(ListItem.Art(thumb),Default) + !Container.IsScrolling + !Container.OnScrollNext + !Container.OnScrollPrevious</visible>
                <visible>Integer.IsGreater(Container.NumItems,0)</visible>
            </control>
			
			<!-- ID="508" -->
            <control type="panel" id="508">
                <right>60</right>
                <bottom>0</bottom>
                <width>270</width>
                <height>400</height>
                <onup>9000</onup>
                <ondown condition="Skin.HasSetting(EnableQuickJump)">7000</ondown>
                <ondown condition="!Skin.HasSetting(EnableQuickJump)">60</ondown>
                <onleft>508</onleft>
                <onright>508</onright>
                <viewtype label="31435">posterwrap</viewtype>
                <scrolltime tween="Cubic" easing="inout">500</scrolltime>
                <focusposition>0</focusposition>
                <orientation>horizontal</orientation>
                <preloaditems>2</preloaditems>
				<animation effect="slide" end="-10,0" time="0" condition="Skin.HasTheme(classic)">Conditional</animation>
				<visible>String.IsEqual(Window(Home).Property(SkinHelper.ForcedView),508) | String.IsEmpty(Window(Home).Property(SkinHelper.ForcedView))</visible>
                <itemlayout height="400" width="270">
					 <control type="group">
                        <width>270</width>
                        <height>400</height>
                        <include>PosterPanelLayout</include>
                    </control>
				</itemlayout>
				<focusedlayout height="400" width="270">
                     <control type="group">
                        <width>270</width>
                        <height>400</height>
                        <include>PosterPanelLayout</include>
                    </control>
				
				</focusedlayout>
            </control>
        </control>
     </include>
</includes>