<?xml version="1.0" encoding="utf-8"?>
<!--Titan-->
<window id="3300" type="dialog">
    <defaultcontrol always="true">3002</defaultcontrol>
    <controls>
		
		<!--Dialog Overlay-->
		<include>GlobalBackground</include>
		<control type="image" id="3001">
			<left>0</left>
			<top>0</top>
			<width>100%</width>
			<height>100%</height>
			<animation effect="zoom" start="110" end="130" center="auto" time="15000" tween="cubic" easing="inout" pulse="true" condition="Skin.HasSetting(BackgroundAnimation)">Conditional</animation>
			<animation effect="slide" start="-10,-10" end="10,10" time="8000" tween="cubic" easing="inout" pulse="true" condition="Skin.HasSetting(BackgroundAnimation)">Conditional</animation>
		</control>
		<include>DialogOverlay</include>
		<include>NowPlayingBackground</include>
		
		<!-- Header -->
        <control type="image">
            <visible>skin.hastheme(classic)</visible>
            <include>animation_fade_visible_hidden</include>
            <posx>61</posx>
            <posy>41</posy>
            <height>64</height>
            <width>64</width>
            <aligny>center</aligny>
            <colordiffuse>$INFO[Skin.String(HeaderTextShadowColor)]</colordiffuse>
            <texture>icons/icon_videos.png</texture>
        </control>
		<control type="image">
            <visible>skin.hastheme(classic)</visible>
            <include>animation_fade_visible_hidden</include>
            <posx>60</posx>
            <posy>40</posy>
            <height>64</height>
            <width>64</width>
            <aligny>center</aligny>
            <colordiffuse>$INFO[Skin.String(HeaderTextColor)]</colordiffuse>
            <texture>icons/icon_videos.png</texture>
        </control>
        <control type="label" id="3000">
            <include>animation_fade_visible_hidden</include>
            <posx>61</posx>
            <posy>10</posy>
            <width min="80" max="1400">auto</width>
            <height>100</height>
            <font>Bold45</font>
			<label/>
            <align>left</align>
            <textcolor>$INFO[Skin.String(HeaderTextColor)]</textcolor>
			<shadowcolor>$INFO[Skin.String(HeaderTextShadowColor)]</shadowcolor>
			<animation effect="slide" end="80,15" time="0" condition="skin.hastheme(classic)">Conditional</animation>
        </control>
		 <control type="label" id="3003">
			<visible>!skin.hastheme(classic)</visible>
			<posy>85</posy>
			<posx>61</posx>
			<label/>
			<width min="0" max="1100">auto</width>
			<height>50</height>
			<font>Reg30</font>
			<textcolor>$INFO[Skin.String(HeaderTextColor)]</textcolor>
			<shadowcolor>$INFO[Skin.String(HeaderTextShadowColor)]</shadowcolor>
			<include>animation_fade_visible_hidden</include>
		</control>
		<!--Time & Weather-->
		<control type="group">
		<visible>!Control.IsVisible(3092)</visible>
        <include condition="!Skin.String(general_header,disable)">TimeInfo</include>
		</control>
		<!-- clearart when no discart -->
		<control type="image" id="3092">
			<right>60</right>
			<top>20</top>
			<width>650</width>
			<height>140</height>
			<aspectratio align="right" aligny="center">keep</aspectratio>
		</control>

		<control type="group">
			<visible>!Window.IsVisible(FileBrowser)</visible>
			<include>animation_window_open_close</include>
			<!-- panel background -->
			<control type="image">
				<posx>-80</posx>
				<width>2260</width>
				<posy>160</posy>
				<height>800</height>
				<texture>views/view_50_list_panel1.png</texture>
				<visible>skin.hastheme(classic)</visible>
			</control>
			
			<!-- Background Panel-->
			<control type="image">
				<posx>0</posx>
				<posy>210</posy>
				<width>100%</width>
				<height>680</height>
				<texture border="5">diffuse/panel.png</texture>
				<colordiffuse>$INFO[Skin.String(GeneralPanelsColor)]</colordiffuse>
				<visible>!skin.hastheme(classic)</visible>
			</control>
			
			<control type="group">
				<!--Start Dialog-->
				<control type="image">
					<posx>0</posx>
					<posy>982</posy>
					<width>100%</width>
					<height>110</height>
					<texture border="5">diffuse/panel.png</texture>
					<colordiffuse>$INFO[Skin.String(GeneralPanelsColor)]</colordiffuse>
				</control>
				<control type="group">
					<visible>!ControlGroup(9002).HasFocus</visible>
					<animation type="Visible">
						<effect type="slide" start="-1920" end="0" time="400" delay="0" tween="sine" easing="inout" />
					</animation>
					<animation type="Hidden">
						<effect type="zoom" start="100" end="75" center="640,540" time="300" tween="sine" easing="inout" />
						<effect type="slide" start="0" end="-2320" time="400" delay="0" tween="sine" easing="inout" />
					</animation>
					<!--Butons 9000-->			
					<control type="grouplist" id="9000">
						<posx>60</posx>
						<posy>1005</posy>
						<width>1600</width>
						<height>450</height>
						<itemgap>20</itemgap>
						<onright condition="!Skin.HasSetting(EnableTouchSupport)">SetFocus(9001)</onright>
						<orientation>horizontal</orientation>
						
						<!--Play-->
						<control type="button" id="3002">
							<width>300</width>
							<height>60</height>
							<align>left</align>
							<textoffsetx>20</textoffsetx>
							<label>208</label>
						</control>
						
						<!-- trailer button -->
						<control type="button" id="3102">
							<width>300</width>
							<height>60</height>
							<align>left</align>
							<textoffsetx>20</textoffsetx>
							<label>20410</label>
							<visible>Control(3102).IsEnabled</visible>
						</control>
						
						<control type="button" id="100">
							<!--Search Trailer on Youtube-->
							<width>300</width>
							<height>60</height>
							<align>center</align>
							<textoffsetx>0</textoffsetx>
							<label>$LOCALIZE[31797]</label>
							<onclick>Dialog.Close(all,true)</onclick>
							<onclick condition="String.StartsWith(System.AddonVersion(plugin.video.youtube),4)">ActivateWindow(videos,plugin://plugin.video.youtube/?path=/root/search&amp;feed=search&amp;search=$ESCINFO[ListItem.Label] Trailer,return)</onclick>
							<onclick condition="String.StartsWith(System.AddonVersion(plugin.video.youtube),5)">ActivateWindow(videos,plugin://plugin.video.youtube/kodion/search/query/?q=$ESCINFO[ListItem.Label] Trailer,return)</onclick>
						</control>
						
						<!-- couchpotato button -->
						<control type="button" id="3103">
							<width>400</width>
							<height>60</height>
							<align>left</align>
							<textoffsetx>20</textoffsetx>
							<label>Couch Potato</label>
							<visible>Control(3103).IsEnabled</visible>
						</control>
						
						<!-- Watched button -->
						<control type="radiobutton" id="3192">
							<width>400</width>
							<height>60</height>
							<align>left</align>
							<textoffsetx>20</textoffsetx>
							<label>16103</label>
						</control>
						
						<!-- Dislike button 
						<control type="radiobutton" id="3193">
							<width>300</width>
							<height>60</height>
							<align>left</align>
							<textoffsetx>0</textoffsetx>
							<label>Dislike</label>
						</control>-->
						
						<!-- Like button
						<control type="radiobutton" id="3194">
							<width>300</width>
							<height>60</height>
							<align>left</align>
							<textoffsetx>0</textoffsetx>
							<label>Like</label>
						</control>-->
						
						<!-- Favourite button -->
						<control type="radiobutton" id="3195">
							<width>400</width>
							<height>60</height>
							<align>left</align>
							<textoffsetx>20</textoffsetx>
							<label>14076</label>
						</control>

						
						
					</control>
					
					<control type="image" id="3091">
						<!--cdart image-->
						<right>60</right>
						<posy>246</posy>
						<width>500</width>
						<height>620</height>
						<aspectratio scalediffuse="false" align="center" aligny="center">keep</aspectratio>
						<animation effect="slide" start="0" end="-140" tween="cubic" easing="inout" time="600" delay="100">WindowOpen</animation>
						<animation effect="fade" start="0" end="100" delay="0" time="2400" pulse="false">WindowOpen</animation>
						<animation effect="rotate" end="-90" center="auto" time="600" loop="false" reversible="false" condition="!Skin.HasSetting(AnimateDiscArt)">Conditional</animation>
						<animation effect="rotate" end="-360" center="auto" time="20000" delay="0" loop="true" reversible="false" condition="Skin.HasSetting(AnimateDiscArt)">Conditional</animation>
					</control>
					<!-- episode image season poster -->
					<control type="image" id="3009">
						<right>60</right>
						<posy>246</posy>
						<width>500</width>
						<height>620</height>
						<aspectratio align="right" aligny="center">keep</aspectratio>
					</control>
					<control type="image" id="3010">
						<right>60</right>
						<posy>246</posy>
						<width>500</width>
						<height>620</height>
						<aspectratio align="right" aligny="center">keep</aspectratio>
					</control>
					<control type="image" id="3011">
						<!--poster-->
						<right>60</right>
						<posy>246</posy>
						<width>500</width>
						<height>620</height>
						<aspectratio align="right" aligny="center">keep</aspectratio>
					</control>
					<control type="image" id="3012">
						<right>60</right>
						<posy>246</posy>
						<width>500</width>
						<height>620</height>
						<aspectratio align="right" aligny="center">keep</aspectratio>
					</control>
					
					<!-- thumb when no discart or art -->
					<control type="image" id="3093">
						<left>1340</left>
						<top>645</top>
						<width>300</width>
						<height>169</height>
						<visible>false</visible>
					</control>

					
					<!--Arrow-->
					<control type="group">
						<width>340</width>
						<right>60</right>
						<visible>!Skin.HasSetting(EnableTouchSupport)</visible>
						<!-- Cast Label -->
						<control type="label">
							<left>0</left>
							<posy>1005</posy>
							<height>60</height>
							<width>300</width>
							<label>$LOCALIZE[206]</label>
							<font>Reg45</font>
							<textcolor>$INFO[Skin.String(GeneralTextColor)]</textcolor>
							<align>right</align>
							<scroll>false</scroll>
						</control>
						<!--Arrow-->
						<control type="image">
							<animation effect="fade" start="100" end="50" tween="sine" easing="inout" time="800" pulse="true" reversible="false" condition="true">Conditional</animation>
							<left>320</left>
							<posy>1005</posy>
							<width>20</width>
							<height>60</height>
							<aspectratio>keep</aspectratio>
							<texture>dialogs/videoinfo/arrow.png</texture>
							<visible>!Control.HasFocus(50)</visible>
							<colordiffuse>white</colordiffuse>
						</control>
					</control>
					
					<!-- close dialog button -->
					<control type="button">
						<right>60</right>
						<posy>1015</posy>
						<width>50</width>
						<height>50</height>
						<texturefocus colordiffuse="white">touchcontrols/icon_close.png</texturefocus>
						<texturenofocus colordiffuse="aawhite">touchcontrols/icon_close.png</texturenofocus>
						<onclick>back</onclick>
						<visible>Skin.HasSetting(EnableTouchSupport)</visible>
					</control>
					
					<!-- Video resolution etc list NOT SHOWN -->
					<control type="list" id="3220">
						<visible>false</visible>
						<itemlayout height="30">
						</itemlayout>
						<focusedlayout height="30">
						</focusedlayout>
					</control>
					<!-- Info list like year, rating etc NOT SHOWN -->
					<control type="list" id="3226">
						<visible>false</visible>
						<itemlayout height="30">
						</itemlayout>
						<focusedlayout height="30">
						</focusedlayout>
					</control>
					

					<!--Info-->
					<control type="grouplist">
						<animation effect="fade" start="0" end="100" time="300" tween="sine" delay="300" easing="in">WindowOpen</animation>
						<animation effect="fade" start="0" end="100" time="300" tween="sine" delay="500" easing="in">Visible</animation>
						<animation effect="fade" start="100" end="0" time="300" tween="sine" delay="500" easing="out">Hidden</animation>
						<posx>60</posx>
						<posy>240</posy>
						<width>1200</width>
						<height>720</height>
						<orientation>vertical</orientation>
						
						<control type="textbox" id="3223">
							<posx>0</posx>
							<posy>0</posy>
							<width>1150</width>
							<height>235</height>
							<label>$INFO[ListItem.Plot]</label>
							<textcolor>$INFO[Skin.String(ViewDetailsTextColor)]</textcolor>
							<shadowcolor>$INFO[Skin.String(ViewDetailsTextShadowColor)]</shadowcolor>
							<align>justify</align>
							<font>Light28</font>
						</control>
						<control type="image">
							<width>1150</width>
							<height>2</height>
							<posy>10</posy>
							<texture>colors/color_white.png</texture>
						</control>
						<control type="image">
							<width>1150</width>
							<height>15</height>
							<posy>10</posy>
							<texture>colors/color_transparent.png</texture>
						</control>
						<control type="group">
							<!--Year and Rating-->
							<width>1150</width>
							<height>40</height>
							<visible>!String.IsEmpty(Container(3226).ListItem(0).Label)</visible>
							<control type="label">
								<posy>0</posy>
								<width>1150</width>
								<font>Reg28</font>
								<align>left</align>
								<label>[COLOR=$INFO[Skin.String(ViewDetailsHighlightTextColor)]]$INFO[Container(3226).ListItem(0).Label][/COLOR] $INFO[Container(3226).ListItem(0).Label2]</label>
								<textcolor>$INFO[Skin.String(ViewDetailsTextColor)]</textcolor>
								<shadowcolor>$INFO[Skin.String(ViewDetailsTextShadowColor)]</shadowcolor>
								<scroll>false</scroll>
							</control>
							<control type="label">
								<posx>760</posx>
								<posy>0</posy>
								<width>400</width>
								<font>Reg28</font>
								<align>left</align>
								<label>[COLOR=$INFO[Skin.String(ViewDetailsHighlightTextColor)]]$INFO[Container(3226).ListItem(1).Label][/COLOR] $INFO[Container(3226).ListItem(1).Label2]</label>
								<textcolor>$INFO[Skin.String(ViewDetailsTextColor)]</textcolor>
								<shadowcolor>$INFO[Skin.String(ViewDetailsTextShadowColor)]</shadowcolor>
								<scroll>false</scroll>
							</control>
						</control>
						<control type="group">
							<!--mpaa and runtime-->
							<width>1150</width>
							<height>40</height>
							<visible>!String.IsEmpty(Container(3226).ListItem(2).Label)</visible>
							<control type="label">
								<posy>0</posy>
								<width>1150</width>
								<font>Reg28</font>
								<align>left</align>
								<label>[COLOR=$INFO[Skin.String(ViewDetailsHighlightTextColor)]]$INFO[Container(3226).ListItem(2).Label][/COLOR] $INFO[Container(3226).ListItem(2).Label2]</label>
								<textcolor>$INFO[Skin.String(ViewDetailsTextColor)]</textcolor>
								<shadowcolor>$INFO[Skin.String(ViewDetailsTextShadowColor)]</shadowcolor>
								<scroll>false</scroll>
							</control>
							<control type="label">
								<posx>760</posx>
								<posy>0</posy>
								<width>400</width>
								<font>Reg28</font>
								<align>left</align>
								<label>[COLOR=$INFO[Skin.String(ViewDetailsHighlightTextColor)]]$INFO[Container(3226).ListItem(3).Label][/COLOR] $INFO[Container(3226).ListItem(3).Label2]</label>
								<textcolor>$INFO[Skin.String(ViewDetailsTextColor)]</textcolor>
								<shadowcolor>$INFO[Skin.String(ViewDetailsTextShadowColor)]</shadowcolor>
								<scroll>false</scroll>
							</control>
						</control>
						<control type="group">
							<!--genre and criticrating-->
							<width>1150</width>
							<height>40</height>
							<visible>!String.IsEmpty(Container(3226).ListItem(4).Label)</visible>
							<control type="label">
								<posy>0</posy>
								<width>1150</width>
								<font>Reg28</font>
								<align>left</align>
								<label>[COLOR=$INFO[Skin.String(ViewDetailsHighlightTextColor)]]$INFO[Container(3226).ListItem(4).Label][/COLOR] $INFO[Container(3226).ListItem(4).Label2]</label>
								<textcolor>$INFO[Skin.String(ViewDetailsTextColor)]</textcolor>
								<shadowcolor>$INFO[Skin.String(ViewDetailsTextShadowColor)]</shadowcolor>
								<scroll>false</scroll>
							</control>
							<control type="label">
								<posx>760</posx>
								<posy>0</posy>
								<width>400</width>
								<font>Reg28</font>
								<align>left</align>
								<label>[COLOR=$INFO[Skin.String(ViewDetailsHighlightTextColor)]]$INFO[Container(3226).ListItem(6).Label][/COLOR] $INFO[Container(3226).ListItem(6).Label2]</label>
								<textcolor>$INFO[Skin.String(ViewDetailsTextColor)]</textcolor>
								<shadowcolor>$INFO[Skin.String(ViewDetailsTextShadowColor)]</shadowcolor>
								<scroll>false</scroll>
							</control>
						</control>
						<control type="group">
							<!--path-->
							<width>1150</width>
							<height>40</height>
							<visible>!String.IsEmpty(Container(3226).ListItem(5).Label)</visible>
							<control type="label">
								<posy>0</posy>
								<width>1150</width>
								<font>Reg28</font>
								<align>left</align>
								<label>[COLOR=$INFO[Skin.String(ViewDetailsHighlightTextColor)]]$INFO[Container(3226).ListItem(5).Label][/COLOR] $INFO[Container(3226).ListItem(5).Label2]</label>
								<textcolor>$INFO[Skin.String(ViewDetailsTextColor)]</textcolor>
								<shadowcolor>$INFO[Skin.String(ViewDetailsTextShadowColor)]</shadowcolor>
								<scroll>false</scroll>
							</control>
						</control>
						

						<control type="grouplist">
							<!--video details-->
							<width>1150</width>
							<height>45</height>
							<posy>-5</posy>
							<orientation>horizontal</orientation>
							<visible>String.Contains(Container(3220).ListItem(0).Label,video)</visible>
							<control type="label">
								<width>auto</width>
								<font>Reg28</font>
								<align>left</align>
								<label>$LOCALIZE[157]:</label>
								<textcolor>$INFO[Skin.String(ViewDetailsHighlightTextColor)]</textcolor><shadowcolor>$INFO[Skin.String(ViewDetailsHighlightTextShadowColor)]</shadowcolor>
								<shadowcolor>$INFO[Skin.String(ViewDetailsTextShadowColor)]</shadowcolor>
								<scroll>false</scroll>
							</control>
							<control type="label">
								<width>auto</width>
								<font>Reg28</font>
								<align>left</align>
								<label>$INFO[Container(3220).ListItem(0).Label2]</label>
								<textcolor>$INFO[Skin.String(ViewDetailsTextColor)]</textcolor>
								<shadowcolor>$INFO[Skin.String(ViewDetailsTextShadowColor)]</shadowcolor>
								<visible>String.Contains(Container(3220).ListItem(0).Label,video)</visible>
							</control>
						</control>
						
						<control type="grouplist">
							<!--audio details-->
							<width>1150</width>
							<height>45</height>
							<posy>-5</posy>
							<orientation>horizontal</orientation>
							<visible>String.Contains(Container(3220).ListItem(1).Label,audio)</visible>
							<control type="label">
								<width>auto</width>
								<font>Reg28</font>
								<align>left</align>
								<label>$LOCALIZE[292]:</label>
								<textcolor>$INFO[Skin.String(ViewDetailsHighlightTextColor)]</textcolor><shadowcolor>$INFO[Skin.String(ViewDetailsHighlightTextShadowColor)]</shadowcolor>
								<shadowcolor>$INFO[Skin.String(ViewDetailsTextShadowColor)]</shadowcolor>
								<scroll>false</scroll>
							</control>
							<control type="label">
								<width>auto</width>
								<font>Reg28</font>
								<align>left</align>
								<label>$INFO[Container(3220).ListItem(1).Label2]</label>
								<textcolor>$INFO[Skin.String(ViewDetailsTextColor)]</textcolor>
								<shadowcolor>$INFO[Skin.String(ViewDetailsTextShadowColor)]</shadowcolor>
								<visible>String.Contains(Container(3220).ListItem(1).Label,audio)</visible>
							</control>
							<control type="label">
								<width>auto</width>
								<font>Reg28</font>
								<align>left</align>
								<label>, $INFO[Container(3220).ListItem(2).Label2]</label>
								<textcolor>$INFO[Skin.String(ViewDetailsTextColor)]</textcolor>
								<shadowcolor>$INFO[Skin.String(ViewDetailsTextShadowColor)]</shadowcolor>
								<visible>String.Contains(Container(3220).ListItem(2).Label,audio)</visible>
							</control>
							<control type="label">
								<width>auto</width>
								<font>Reg28</font>
								<align>left</align>
								<label>, $INFO[Container(3220).ListItem(3).Label2]</label>
								<textcolor>$INFO[Skin.String(ViewDetailsTextColor)]</textcolor>
								<shadowcolor>$INFO[Skin.String(ViewDetailsTextShadowColor)]</shadowcolor>
								<visible>String.Contains(Container(3220).ListItem(3).Label,audio)</visible>
							</control>
							<control type="label">
								<width>auto</width>
								<font>Reg28</font>
								<align>left</align>
								<label>, $INFO[Container(3220).ListItem(4).Label2]</label>
								<textcolor>$INFO[Skin.String(ViewDetailsTextColor)]</textcolor>
								<shadowcolor>$INFO[Skin.String(ViewDetailsTextShadowColor)]</shadowcolor>
								<visible>String.Contains(Container(3220).ListItem(4).Label,audio)</visible>
							</control>
							<control type="label">
								<width>auto</width>
								<font>Reg28</font>
								<align>left</align>
								<label>, $INFO[Container(3220).ListItem(5).Label2]</label>
								<textcolor>$INFO[Skin.String(ViewDetailsTextColor)]</textcolor>
								<shadowcolor>$INFO[Skin.String(ViewDetailsTextShadowColor)]</shadowcolor>
								<visible>String.Contains(Container(3220).ListItem(5).Label,audio)</visible>
							</control>
							<control type="label">
								<width>auto</width>
								<font>Reg28</font>
								<align>left</align>
								<label>, $INFO[Container(3220).ListItem(6).Label2]</label>
								<textcolor>$INFO[Skin.String(ViewDetailsTextColor)]</textcolor>
								<shadowcolor>$INFO[Skin.String(ViewDetailsTextShadowColor)]</shadowcolor>
								<visible>String.Contains(Container(3220).ListItem(6).Label,audio)</visible>
							</control>
						</control>
						
						<control type="grouplist">
							<!--sub details-->
							<width>1150</width>
							<height>45</height>
							<posy>-5</posy>
							<orientation>horizontal</orientation>
							<visible>String.Contains(Container(3220).ListItem(2).Label,sub) | String.Contains(Container(3220).ListItem(3).Label,sub) | String.Contains(Container(3220).ListItem(4).Label,sub) | String.Contains(Container(3220).ListItem(5).Label,sub) | String.Contains(Container(3220).ListItem(6).Label,sub)</visible>
							<control type="label">
								<width>auto</width>
								<font>Reg28</font>
								<align>left</align>
								<label>$LOCALIZE[459]:</label>
								<textcolor>$INFO[Skin.String(ViewDetailsHighlightTextColor)]</textcolor><shadowcolor>$INFO[Skin.String(ViewDetailsHighlightTextShadowColor)]</shadowcolor>
								<shadowcolor>$INFO[Skin.String(ViewDetailsTextShadowColor)]</shadowcolor>
								<scroll>false</scroll>
							</control>
							<control type="label">
								<width>auto</width>
								<font>Reg28</font>
								<align>left</align>
								<label>$INFO[Container(3220).ListItem(2).Label2, ,]</label>
								<textcolor>$INFO[Skin.String(ViewDetailsTextColor)]</textcolor>
								<shadowcolor>$INFO[Skin.String(ViewDetailsTextShadowColor)]</shadowcolor>
								<visible>String.Contains(Container(3220).ListItem(2).Label,sub)</visible>
							</control>
							<control type="label">
								<width>auto</width>
								<font>Reg28</font>
								<align>left</align>
								<label>$INFO[Container(3220).ListItem(3).Label2, ,]</label>
								<textcolor>$INFO[Skin.String(ViewDetailsTextColor)]</textcolor>
								<shadowcolor>$INFO[Skin.String(ViewDetailsTextShadowColor)]</shadowcolor>
								<visible>String.Contains(Container(3220).ListItem(3).Label,sub)</visible>
							</control>
							<control type="label">
								<width>auto</width>
								<font>Reg28</font>
								<align>left</align>
								<label>$INFO[Container(3220).ListItem(4).Label2, ,]</label>
								<textcolor>$INFO[Skin.String(ViewDetailsTextColor)]</textcolor>
								<shadowcolor>$INFO[Skin.String(ViewDetailsTextShadowColor)]</shadowcolor>
								<visible>String.Contains(Container(3220).ListItem(4).Label,sub)</visible>
							</control>
							<control type="label">
								<width>auto</width>
								<font>Reg28</font>
								<align>left</align>
								<label>$INFO[Container(3220).ListItem(5).Label2, ,]</label>
								<textcolor>$INFO[Skin.String(ViewDetailsTextColor)]</textcolor>
								<shadowcolor>$INFO[Skin.String(ViewDetailsTextShadowColor)]</shadowcolor>
								<visible>String.Contains(Container(3220).ListItem(5).Label,sub)</visible>
							</control>
							<control type="label">
								<width>auto</width>
								<font>Reg28</font>
								<align>left</align>
								<label>$INFO[Container(3220).ListItem(6).Label2, ,]</label>
								<textcolor>$INFO[Skin.String(ViewDetailsTextColor)]</textcolor>
								<shadowcolor>$INFO[Skin.String(ViewDetailsTextShadowColor)]</shadowcolor>
								<visible>String.Contains(Container(3220).ListItem(6).Label,sub)</visible>
							</control>
						</control>
					</control>
						
				</control>
				<!--Cast Stuff-->
				<control type="group" id="9002">
					<visible allowhiddenfocus="true">Control.HasFocus(9001) | Control.HasFocus(3230)</visible>
					<animation type="Visible">
						<effect type="slide" start="1920" end="0" time="400" delay="0" tween="sine" easing="inout" />
					</animation>
					<animation type="Hidden">
						<effect type="zoom" start="100" end="75" center="640,540" time="300" tween="sine" easing="inout" />
						<effect type="slide" end="2320" time="400" delay="0" tween="sine" easing="inout" />
					</animation>
					<control type="button" id="9001">
						<!--Hidden Button-->
						<onfocus>SetFocus(3230)</onfocus>
						<font/>
						<label/>
						<textcolor/>
						<focusedcolor/>
						<disabledcolor/>
						<texturefocus/>
						<texturenofocus/>
					</control>
					<control type="list" id="3230">
						<!--List 3230 Cast-->
						<posx>63</posx>
						<posy>220</posy>
						<width>1684</width>
						<height>660</height>
						<onleft>SetFocus(9000)</onleft>
						<scrolltime>200</scrolltime>
						<orientation>vertical</orientation>
						<focusposition>0</focusposition>
						<viewtype label="actor list">list</viewtype>
						<itemlayout height="60">
							<control type="label">
								<posx>0</posx>
								<posy>0</posy>
								<width>950</width>
								<height>50</height>
								<label>[B]$INFO[ListItem.label][/B] $INFO[ListItem.label2]</label>
								<font>Reg28</font>
								<textcolor>$INFO[Skin.String(ViewDetailsTextColor)]</textcolor>
								<shadowcolor>$INFO[Skin.String(ViewDetailsTextShadowColor)]</shadowcolor>
								<align>left</align>
								<aligny>center</aligny>
								<scroll>no</scroll>
							</control>
						</itemlayout>
						<focusedlayout height="60">
							<control type="label">
								<posx>0</posx>
								<posy>0</posy>
								<width>950</width>
								<height>50</height>
								<label>[B]$INFO[ListItem.label][/B] $INFO[ListItem.label2]</label>
								<textcolor>$INFO[Skin.String(ViewDetailsHighlightTextColor)]</textcolor><shadowcolor>$INFO[Skin.String(ViewDetailsHighlightTextShadowColor)]</shadowcolor>
								
								<font>Reg28</font>
								<align>left</align>
								<aligny>center</aligny>
							</control>
						</focusedlayout>
					</control>
					<control type="image">
						<!--Actor Image-->
						<description>Actor image</description>
						<right>60</right>
						<posy>210</posy>
						<width>450</width>
						<height>680</height>
						<aspectratio align="right" aligny="center">keep</aspectratio>
						<texture background="true">$INFO[Container(3230).listItem.Icon]</texture>
						<fadetime>300</fadetime>
					</control>
				</control>
			</control>
		</control>
	</controls>
</window>