<?xml version="1.0" encoding="UTF-8"?>
<window type="dialog" id="1119">
	<defaultcontrol always="true">3010</defaultcontrol>
    <visible>!window.isactive(fullscreenvideo)</visible>
	<controls>
    
        <control type="group">
             <visible>!window.isactive(fullscreenvideo)</visible>
    
            <!-- Video Background -->
            <include>GlobalBackground</include>

            <!--NowPlaying-->
            <include condition="Skin.HasTheme(classic)">NowPlayingMusicClassic</include>
            <include condition="Skin.HasTheme(classic)">NowPlayingVideoClassic</include>
            <include condition="!Skin.HasTheme(classic)">NowPlayingModern</include>
             <!--Header-->
            <control type="label">
                <include>animation_fade_visible_hidden</include>
                <posx>61</posx>
                <posy>10</posy>
                <width min="80" max="1400">auto</width>
                <height>100</height>
                <font>Bold45</font>
                <label>19140</label>
                <align>left</align>
                <textcolor>$INFO[Skin.String(HeaderTextColor)]</textcolor>
                <shadowcolor>$INFO[Skin.String(HeaderTextShadowColor)]</shadowcolor>
                <animation effect="slide" end="80,15" time="0" condition="skin.hastheme(classic)">Conditional</animation>
            </control>
            <!--Time-->
            <include>TimeInfo</include>
            <include condition="!skin.hassetting(nofooterbar)">Footer</include>
            <!-- search panel with keyboard -->
            <control type="group">
                <top>90</top>
                <left>15</left>
                <!-- background panel -->
                <control type="image">
                    <left>40</left>
                    <top>65</top>
                    <width>520</width>
                    <height>800</height>
                    <aspectratio>stretch</aspectratio>
                    <texture border="15">diffuse/bgpanel.png</texture>
                    <animation effect="fade" reversible="false" end="80" time="0" condition="String.IsEqual(Skin.String(GeneralPanelsOpacity),80)">Conditional</animation>
                    <animation effect="fade" reversible="false" end="60" time="0" condition="String.IsEqual(Skin.String(GeneralPanelsOpacity),60)">Conditional</animation>
                    <animation effect="fade" reversible="false" end="40" time="0" condition="String.IsEqual(Skin.String(GeneralPanelsOpacity),40)">Conditional</animation>
                    <animation effect="fade" reversible="false" end="20" time="0" condition="String.IsEqual(Skin.String(GeneralPanelsOpacity),20)">Conditional</animation>
                    <animation effect="fade" reversible="false" end="0" time="0" condition="String.IsEqual(Skin.String(GeneralPanelsOpacity),0)">Conditional</animation>
                    <colordiffuse>$INFO[Skin.String(GeneralPanelsColor)]</colordiffuse>
                </control>
                <control type="label">
                    <left>64</left>
                    <top>80</top>
                    <width>auto</width>
                    <height>50</height>
                    <font>Reg41</font>
                                 <label>$LOCALIZE[16017]: </label>
                </control>
                <!-- edit label -->
                <control type="button" id="3010">
                    <left>64</left>
                    <top>140</top>
                    <width>470</width>
                    <height>60</height>
                    <font>Reg41</font>
                    <ondown>3020</ondown>
                    <onback>down</onback>
                    <onright>2900</onright>
                    <textcolor>white</textcolor>
                    <focusedcolor>black</focusedcolor>
                    <disabledcolor>$INFO[Skin.String(GeneralTextColor)]</disabledcolor>
                    <pulseonselect>false</pulseonselect>
                    <texturefocus colordiffuse="$INFO[Skin.String(ButtonFocusColor)]">colors/color_white.png</texturefocus>
                    <texturenofocus colordiffuse="$INFO[Skin.String(ButtonFocusColor)]">colors/color_90%trans_white.png</texturenofocus>
                </control>
                <control type="grouplist">
                    <orientation>vertical</orientation>
                    <left>55</left>
                    <top>245</top>
                    <!-- First Row -->
                    <control type="grouplist">
                        <left>50</left>
                        <top>300</top>
                        <width>900</width>
                        <height>80</height>
                        <onright>2900</onright>
                        <itemgap>-10</itemgap>
                        <orientation>horizontal</orientation>
                                                              <control type="button" id="3020">
                            <include>ExtraSmallKey</include>
                            <label>A</label>
                            <onright>3021</onright>
                            <onup>3010</onup>
                            <ondown>3026</ondown>
                        </control>
                                         <control type="button" id="3021">
                            <include>ExtraSmallKey</include>
                            <label>B</label>
                            <onleft>3020</onleft>
                            <onright>3022</onright>
                            <onup>3010</onup>
                            <ondown>3027</ondown>
                        </control>   

                        <control type="button" id="3022">
                            <include>ExtraSmallKey</include>
                            <label>C</label>
                            <onleft>3021</onleft>
                            <onright>3023</onright>
                            <onup>3010</onup>
                            <ondown>3028</ondown>
                        </control>  
                                         <control type="button" id="3023">
                            <include>ExtraSmallKey</include>
                            <label>D</label>
                            <onleft>3022</onleft>
                            <onright>3024</onright>
                            <onup>3010</onup>
                            <ondown>3029</ondown>
                        </control>     

                        <control type="button" id="3024">
                            <include>ExtraSmallKey</include>
                            <label>E</label>
                            <onleft>3023</onleft>
                            <onright>3025</onright>
                            <onup>3010</onup>
                            <ondown>3030</ondown>
                        </control>   
                                         <control type="button" id="3025">
                            <include>ExtraSmallKey</include>
                            <label>F</label>
                            <onleft>3024</onleft>
                            <onright>2900</onright>
                            <onup>3010</onup>
                            <ondown>3031</ondown>
                        </control>
                    </control>
                    <!-- Second Row -->
                    <control type="grouplist">
                        <left>50</left>
                        <top>220</top>
                        <height>80</height>
                        <width>900</width>
                        <onright>2900</onright>
                        <itemgap>-10</itemgap>
                        <orientation>horizontal</orientation>			

                        <control type="button" id="3026">
                            <include>ExtraSmallKey</include>
                            <label>G</label>
                            <onright>3027</onright>
                            <onup>3020</onup>
                            <ondown>3032</ondown>
                        </control>
                                         <control type="button" id="3027">
                            <include>ExtraSmallKey</include>
                            <label>H</label>
                            <onleft>3026</onleft>
                            <onright>3028</onright>
                            <onup>3021</onup>
                            <ondown>3033</ondown>
                        </control>   

                        <control type="button" id="3028">
                            <include>ExtraSmallKey</include>
                            <label>I</label>
                            <onleft>3027</onleft>
                            <onright>3029</onright>
                            <onup>3022</onup>
                            <ondown>3034</ondown>
                        </control>  
                                         <control type="button" id="3029">
                            <include>ExtraSmallKey</include>
                            <label>J</label>
                            <onleft>3028</onleft>
                            <onright>3030</onright>
                            <onup>3023</onup>
                            <ondown>3035</ondown>
                        </control>     

                        <control type="button" id="3030">
                            <include>ExtraSmallKey</include>
                            <label>K</label>
                            <onleft>3029</onleft>
                            <onright>3031</onright>
                            <onup>3024</onup>
                            <ondown>3036</ondown>
                        </control>   
                                         <control type="button" id="3031">
                            <include>ExtraSmallKey</include>
                            <label>L</label>
                            <onleft>3030</onleft>
                            <onright>2900</onright>
                            <onup>3025</onup>
                            <ondown>3037</ondown>
                        </control>
                    </control>
                             <!-- Third Row -->
                    <control type="grouplist">
                        <left>50</left>
                        <top>320</top>
                        <width>900</width>
                        <onright>2900</onright>
                        <itemgap>-10</itemgap>
                        <height>80</height>
                        <orientation>horizontal</orientation>
                        <control type="button" id="3032">
                            <include>ExtraSmallKey</include>
                            <label>M</label>
                            <onright>3033</onright>
                            <onup>3026</onup>
                            <ondown>3038</ondown>
                        </control>
                                         <control type="button" id="3033">
                            <include>ExtraSmallKey</include>
                            <label>N</label>
                            <onleft>3032</onleft>
                            <onright>3034</onright>
                            <onup>3027</onup>
                            <ondown>3039</ondown>
                        </control>   

                        <control type="button" id="3034">
                           <include>ExtraSmallKey</include>
                            <label>O</label>
                            <onleft>3033</onleft>
                            <onright>3035</onright>
                            <onup>3028</onup>
                            <ondown>3040</ondown>
                        </control>  
                                         <control type="button" id="3035">
                            <include>ExtraSmallKey</include>
                            <label>P</label>
                            <onleft>3034</onleft>
                            <onright>3036</onright>
                            <onup>3029</onup>
                            <ondown>3041</ondown>
                        </control>     

                        <control type="button" id="3036">
                            <include>ExtraSmallKey</include>
                            <label>Q</label>
                            <onleft>3035</onleft>
                            <onright>3037</onright>
                            <onup>3030</onup>
                            <ondown>3042</ondown>
                        </control>   
                                         <control type="button" id="3037">
                           <include>ExtraSmallKey</include>
                            <label>R</label>
                            <onleft>3036</onleft>
                            <onright>2900</onright>
                            <onup>3031</onup>
                            <ondown>3043</ondown>
                        </control>
                    </control>

                    <!-- Forth Row -->
                    <control type="grouplist">
                        <left>50</left>
                        <top>420</top>
                        <width>900</width>
                        <height>80</height>
                        <onright>2900</onright>
                        <itemgap>-10</itemgap>
                        <orientation>horizontal</orientation>			
                                 <control type="button" id="3038">
                            <include>ExtraSmallKey</include>
                            <label>S</label>
                            <onright>3039</onright>
                            <onup>3032</onup>
                            <ondown>3044</ondown>
                        </control>
                                         <control type="button" id="3039">
                            <include>ExtraSmallKey</include>
                            <label>T</label>
                            <onleft>3038</onleft>
                            <onright>3040</onright>
                            <onup>3033</onup>
                            <ondown>3045</ondown>
                        </control>   

                        <control type="button" id="3040">
                            <include>ExtraSmallKey</include>
                            <label>U</label>
                            <onleft>3039</onleft>
                            <onright>3041</onright>
                            <onup>3034</onup>
                            <ondown>3046</ondown>
                        </control>  
                                         <control type="button" id="3041">
                            <include>ExtraSmallKey</include>
                            <label>V</label>
                            <onleft>3040</onleft>
                            <onright>3042</onright>
                            <onup>3035</onup>
                            <ondown>3047</ondown>
                        </control>     

                        <control type="button" id="3042">
                            <include>ExtraSmallKey</include>
                            <label>W</label>
                            <onleft>3041</onleft>
                            <onright>3043</onright>
                            <onup>3036</onup>
                            <ondown>3048</ondown>
                        </control>   
                                         <control type="button" id="3043">
                            <include>ExtraSmallKey</include>
                            <label>X</label>
                            <onleft>3042</onleft>
                            <onright>2900</onright>
                            <onup>3037</onup>
                            <ondown>3049</ondown>
                        </control>                    </control>

                    <!-- Fifth Row -->
                    <control type="grouplist">
                        <left>50</left>
                        <top>520</top>
                        <width>900</width>
                        <height>80</height>
                        <onright>2900</onright>
                        <itemgap>-10</itemgap>
                        <orientation>horizontal</orientation>			
                                 <control type="button" id="3044">
                            <include>ExtraSmallKey</include>
                            <label>Y</label>
                            <onright>3045</onright>
                            <onup>3038</onup>
                            <ondown>3050</ondown>
                        </control>
                                         <control type="button" id="3045">
                            <include>ExtraSmallKey</include>
                            <label>Z</label>
                            <onleft>3044</onleft>
                            <onright>3046</onright>
                            <onup>3039</onup>
                            <ondown>3051</ondown>
                        </control>   

                        <control type="button" id="3046">
                            <include>ExtraSmallKey</include>
                            <label>$NUMBER[0]</label>
                            <onleft>3045</onleft>
                            <onright>3047</onright>
                            <onup>3040</onup>
                            <ondown>3052</ondown>
                        </control>  
                                         <control type="button" id="3047">
                           <include>ExtraSmallKey</include>
                            <label>$NUMBER[1]</label>
                            <onleft>3046</onleft>
                            <onright>3048</onright>
                            <onup>3041</onup>
                            <ondown>3053</ondown>
                        </control>     

                        <control type="button" id="3048">
                            <include>ExtraSmallKey</include>
                            <label>$NUMBER[2]</label>
                            <onleft>3047</onleft>
                            <onright>3049</onright>
                            <onup>3042</onup>
                            <ondown>3054</ondown>
                        </control>   
                                         <control type="button" id="3049">
                           <include>ExtraSmallKey</include>
                            <label>$NUMBER[3]</label>
                            <onleft>3048</onleft>
                            <onright>2900</onright>
                            <onup>3043</onup>
                            <ondown>3055</ondown>
                        </control>                     </control>
                                 <!-- sixth Row -->
                    <control type="grouplist">
                    <left>50</left>
                    <top>620</top>	
                    <width>900</width>
                    <height>80</height>
                    <onright>2900</onright>
                    <itemgap>-10</itemgap>
                    <orientation>horizontal</orientation>		
                        <control type="button" id="3050">
                           <include>ExtraSmallKey</include>
                            <label>$NUMBER[4]</label>
                            <onright>3051</onright>
                            <onup>3044</onup>
                            <ondown>3056</ondown>
                        </control>
                                         <control type="button" id="3051">
                           <include>ExtraSmallKey</include>
                            <label>$NUMBER[5]</label>
                            <onleft>3050</onleft>
                            <onright>3052</onright>
                            <onup>3045</onup>
                            <ondown>3056</ondown>
                        </control>   

                        <control type="button" id="3052">
                            <include>ExtraSmallKey</include>
                            <label>$NUMBER[6]</label>
                            <onleft>3051</onleft>
                            <onright>3053</onright>
                            <onup>3046</onup>
                            <ondown>3057</ondown>
                        </control>  
                                         <control type="button" id="3053">
                           <include>ExtraSmallKey</include>
                            <label>$NUMBER[7]</label>
                            <onleft>3052</onleft>
                            <onright>3054</onright>
                            <onup>3047</onup>
                            <ondown>3057</ondown>
                        </control>     

                        <control type="button" id="3054">
                            <include>ExtraSmallKey</include>
                            <label>$NUMBER[8]</label>
                            <onleft>3053</onleft>
                            <onright>3055</onright>
                            <onup>3048</onup>
                            <ondown>3058</ondown>
                        </control>   
                                         <control type="button" id="3055">
                           <include>ExtraSmallKey</include>
                            <label>$NUMBER[9]</label>
                            <onleft>3054</onleft>
                            <onright>2900</onright>
                            <onup>3049</onup>
                            <ondown>3058</ondown>
                        </control>   
                    </control>
                                 <!-- Seventh Row -->
                    <control type="grouplist">
                    <left>50</left>
                    <top>720</top>
                    <width>900</width>
                    <height>80</height>
                    <itemgap>-10</itemgap>
                    <onright>2900</onright>
                    <orientation>horizontal</orientation>		
                        <control type="button" id="3056">
                            <width>170</width>
                            <font>Reg24</font>
                            <include>ExtraSmallKey</include>
                            <label>20181</label>
                            <onright>3057</onright>
                            <onup>3050</onup>
                        </control>
                                         <control type="button" id="3057">
                            <width>170</width>
                            <font>Reg24</font>
                            <include>ExtraSmallKey</include>
                            <label>20182</label>
                            <onleft>3056</onleft>
                            <onright>3058</onright>
                            <onup>3052</onup>
                        </control>   

                        <control type="button" id="3058">
                            <width>170</width>
                            <font>Reg24</font>
                            <include>ExtraSmallKey</include>
                            <label>192</label>
                            <onleft>3057</onleft>
                            <onright>2900</onright>
                            <onup>3054</onup>
                        </control>                                    </control>
                </control>
            </control>
            <!-- Results -->
            <control type="group" id="2900">
                <top>90</top>
                <left>690</left>
                <!-- background panel -->
                <control type="image">
                    <left>-40</left>
                    <top>65</top>
                    <width>1210</width>
                    <height>800</height>
                    <aspectratio>stretch</aspectratio>
                    <texture border="15">diffuse/bgpanel.png</texture>
                    <animation effect="fade" reversible="false" end="80" time="0" condition="String.IsEqual(Skin.String(GeneralPanelsOpacity),80)">Conditional</animation>
                    <animation effect="fade" reversible="false" end="60" time="0" condition="String.IsEqual(Skin.String(GeneralPanelsOpacity),60)">Conditional</animation>
                    <animation effect="fade" reversible="false" end="40" time="0" condition="String.IsEqual(Skin.String(GeneralPanelsOpacity),40)">Conditional</animation>
                    <animation effect="fade" reversible="false" end="20" time="0" condition="String.IsEqual(Skin.String(GeneralPanelsOpacity),20)">Conditional</animation>
                    <animation effect="fade" reversible="false" end="0" time="0" condition="String.IsEqual(Skin.String(GeneralPanelsOpacity),0)">Conditional</animation>
                    <colordiffuse>$INFO[Skin.String(GeneralPanelsColor)]</colordiffuse>
                </control>
                
                <!-- Movies-->
                <control type="label">
                    <left>0</left>
                    <top>80</top>
                    <height>20</height>
                    <width>190</width>
                    <label>342</label>
                    <font>Reg41</font>
                    <angle>-90</angle>
                </control>   
                <control type="panel" id="3110">
                    <left>70</left>
                    <top>80</top>
                    <width>1080</width>
                    <height>245</height>
                    <onleft>3025</onleft>
                    <ondown>3111</ondown>
                    <pagecontrol/>
                    <scrolltime>200</scrolltime>
                    <orientation>horizontal</orientation>
                    <itemlayout height="245" width="182">
                        <control type="group">
                            <width>162</width>
                            <height>240</height>
                            <include>SmallPosterPanelLayout</include>
                          </control>
                    </itemlayout>
                    <focusedlayout height="245" width="182">
                        <control type="group">
                            <width>162</width>
                            <height>240</height>
                            <include>SmallPosterPanelLayoutFocus</include>
                          </control>
                    </focusedlayout>
                </control>

                <!-- Series -->
                <control type="label">
                    <left>0</left>
                    <top>330</top>
                    <height>20</height>
                    <width>190</width>
                    <label>20343</label>
                    <font>Reg41</font>
                    <angle>-90</angle>
                </control>   
                <control type="panel" id="3111">
                    <left>70</left>
                    <top>330</top>
                    <width>1080</width>
                    <height>245</height>
                    <onleft>3025</onleft>
                    <onup>3110</onup>
                    <ondown>3112</ondown>
                    <pagecontrol/>
                    <scrolltime>200</scrolltime>
                    <orientation>horizontal</orientation>
                    <!-- itemlayout movies -->
                    <itemlayout height="245" width="182">
                        <control type="group">
                            <width>162</width>
                            <height>240</height>
                            <include>SmallPosterPanelLayout</include>
                        </control>
                    </itemlayout>
                    <!-- focussed layout movies -->
                    <focusedlayout height="245" width="182">
                        <control type="group">
                            <width>162</width>
                            <height>240</height>
                            <include>SmallPosterPanelLayoutFocus</include>
                        </control>
                    </focusedlayout>
                </control>
                
                <!-- Actors -->
                <control type="label">
                    <left>0</left>
                    <top>580</top>
                    <height>20</height>
                    <width>300</width>
                    <label>344</label>
                    <font>Reg41</font>
                    <angle>-90</angle>
                </control> 
                <control type="panel" id="3112">
                    <left>70</left>
                    <top>580</top>
                    <width>1080</width>
                    <height>300</height>
                    <onleft>3025</onleft>
                    <onup>3111</onup>
                    <pagecontrol/>
                    <scrolltime>200</scrolltime>
                    <orientation>horizontal</orientation>
                    <itemlayout height="270" width="182">
                        <control type="group">
                            <width>162</width>
                            <height>240</height>
                            <include>SmallPosterPanelLayout</include>
                            <!--Panel-->
                            <control type="image">
                                <bottom>-1</bottom>
                                <height>80</height>
                                <bordersize>8</bordersize>
                                <texture diffuse="diffuse/poster.png">colors/color_white.png</texture>
                                <colordiffuse>$INFO[Skin.String(TagOverlaysPanelColor)]</colordiffuse>
                            </control>
                            <control type="textbox">
                                <left>6%</left>
                                <bottom>10</bottom>
                                <width>88%</width>
                                <height>57</height>
                                <include condition="Skin.HasSetting(ThumbsLabelAlignmentCenter)">aligncenter</include>
                                <align>left</align>
                                <label>$VAR[ThumbListDetailsPoster]</label>
                                <font>Reg18</font>
                                <autoscroll delay="2000" time="2000" repeat="500">false</autoscroll>
                                <textcolor>$INFO[Skin.String(TagOverlaysTextColor)]</textcolor>
                                <visible>!String.IsEqual(System.CurrentControl,ListItem.Label)</visible>
                            </control>
                            <control type="textbox">
                                <left>6%</left>
                                <right>10</right>
                                <bottom>10</bottom>
                                <width>88%</width>
                                <height>57</height>
                                <include condition="Skin.HasSetting(ThumbsLabelAlignmentCenter)">aligncenter</include>
                                <align>left</align>
                                <label>$VAR[ThumbListDetailsPoster]</label>
                                <font>Reg18</font>
                                <autoscroll delay="2000" time="2000" repeat="500">true</autoscroll>
                                <textcolor>$INFO[Skin.String(TagOverlaysTextColor)]</textcolor>
                                <visible>String.IsEqual(System.CurrentControl,ListItem.Label)</visible>
                            </control>
                        </control>
                    </itemlayout>
                    <focusedlayout height="270" width="182">
                        <control type="group">
                            <width>162</width>
                            <height>240</height>
                            <include>SmallPosterPanelLayoutFocus</include>
                            <!--Panel-->
                            <control type="image">
                                <bottom>-1</bottom>
                                <height>80</height>
                                <bordersize>8</bordersize>
                                <texture diffuse="diffuse/poster.png">colors/color_white.png</texture>
                                <colordiffuse>$INFO[Skin.String(TagOverlaysPanelColor)]</colordiffuse>
                            </control>
                            <control type="textbox">
                                <left>6%</left>
                                <bottom>10</bottom>
                                <width>88%</width>
                                <height>57</height>
                                <include condition="Skin.HasSetting(ThumbsLabelAlignmentCenter)">aligncenter</include>
                                <align>left</align>
                                <label>$VAR[ThumbListDetailsPoster]</label>
                                <font>Reg18</font>
                                <autoscroll delay="2000" time="2000" repeat="500">false</autoscroll>
                                <textcolor>$INFO[Skin.String(TagOverlaysTextColor)]</textcolor>
                                <visible>!String.IsEqual(System.CurrentControl,ListItem.Label)</visible>
                            </control>
                            <control type="textbox">
                                <left>6%</left>
                                <right>10</right>
                                <bottom>10</bottom>
                                <width>88%</width>
                                <height>57</height>
                                <include condition="Skin.HasSetting(ThumbsLabelAlignmentCenter)">aligncenter</include>
                                <align>left</align>
                                <label>$VAR[ThumbListDetailsPoster]</label>
                                <font>Reg18</font>
                                <autoscroll delay="2000" time="2000" repeat="500">true</autoscroll>
                                <textcolor>$INFO[Skin.String(TagOverlaysTextColor)]</textcolor>
                                <visible>String.IsEqual(System.CurrentControl,ListItem.Label)</visible>
                            </control>
                        </control>
                    </focusedlayout>
                </control>
     
                 </control>
        </control>
	</controls>
</window>
