<?xml version="1.0" encoding="utf-8"?>
<!--BINGIE-->
<includes>
    <include name="View_517_Cards">
        <control type="group">
            <include>animation_view_change</include>
            <visible>Control.IsVisible(517)</visible>
            <control type="group">
                <control type="panel" id="517">
                    <posx>60</posx>
                    <bottom>150</bottom>
                    <height>700</height>
                    <width>1820</width>
                    <onup>517</onup>
                    <ondown>517</ondown>
                    <onleft>9000</onleft>
                    <onright condition="Skin.HasSetting(EnableQuickJump)">6000</onright>
        <onright condition="!Skin.HasSetting(EnableQuickJump)">60</onright>
                    <orientation>vertical</orientation>
                    <pagecontrol>60</pagecontrol>
                    <preloaditems>2</preloaditems>
                    <viewtype label="31658">list</viewtype>
                    <scrolltime tween="quadratic">400</scrolltime>
                    <itemlayout width="910" height="350" condition="Container.Content(episodes)">
                        <control type="group">
                            <width>890</width>
                            <height>330</height>
                            <control type="image">
                                <texture>diffuse/wide.png</texture>
                                <colordiffuse>$VAR[ViewDetailsPanelColor]</colordiffuse>
                                <include condition="Skin.String(thumbsborder_unfocused, 0)">thumbborder_0</include>
                                <include condition="Skin.String(thumbsborder_unfocused, 2)">thumbborder_2</include>
                                <include condition="Skin.String(thumbsborder_unfocused, 4)">thumbborder_4</include>
                                <include condition="Skin.String(thumbsborder_unfocused, 6)">thumbborder_6</include>
                            </control>
                            <control type="image">
                                <!--Panel icon image-->
                                <width>400</width>
                                <height>330</height>
                                <bordersize>8</bordersize>
                                <texture background="true" diffuse="diffuse/wide.png">$VAR[LandscapeImage]</texture>
                                <aspectratio scalediffuse="false" align="center" aligny="top">scale</aspectratio>
                            </control>
                            <control type="label">
                                <left>430</left>
                                <width>420</width>
                                <top>20</top>
                                <height>50</height>
                                <align>left</align>
                                <font>Bold28</font>
                                <textcolor>$INFO[Skin.String(ViewDetailsListItemTextColor)]</textcolor>
                                <selectedcolor>$INFO[Skin.String(ViewDetailsListItemTextColor)]</selectedcolor>
                                <label>$INFO[ListItem.Label]</label>
                            </control>
                            <control type="textbox">
                                <left>430</left>
                                <right>30</right>
                                <top>70</top>
                                <height>185</height>
                                <align>justify</align>
                                <font>Reg26</font>
                                <textcolor>$INFO[Skin.String(ViewDetailsListItemTextColor)]</textcolor>
                                <selectedcolor>$INFO[Skin.String(ViewDetailsListItemTextColor)]</selectedcolor>
                                <label>$INFO[ListItem.Plot]</label>
                                <autoscroll>false</autoscroll>
                            </control>
                            <control type="label">
                                <width>420</width>
                                <right>30</right>
                                <bottom>20</bottom>
                                <aligny>center</aligny>
                                <height>38</height>
                                <align>right</align>
                                <font>Reg26</font>
                                <textcolor>$INFO[Skin.String(ViewDetailsListItemTextColor)]</textcolor>
                                <selectedcolor>$INFO[Skin.String(ViewDetailsListItemTextColor)]</selectedcolor>
                                <label fallback="19055">$VAR[ListDetails]</label>
                            </control>
                            <control type="group">
                                <right>8</right>
                                <top>8</top>
                                <include>WatchedIndicatorNormal</include>
                             </control>
                        </control>
                    </itemlayout>
                    <focusedlayout width="910" height="350" condition="Container.Content(episodes)">
                        <control type="group">
                            <width>890</width>
                            <height>330</height>
                            <control type="image">
                                <texture>diffuse/wide.png</texture>
                                <colordiffuse>$VAR[ViewDetailsBorderFocusColor]</colordiffuse>
                                <include condition="Skin.String(thumbsborder_unfocused, 0)">thumbborder_0</include>
                                <include condition="Skin.String(thumbsborder_unfocused, 2)">thumbborder_2</include>
                                <include condition="Skin.String(thumbsborder_unfocused, 4)">thumbborder_4</include>
                                <include condition="Skin.String(thumbsborder_unfocused, 6)">thumbborder_6</include>
                            </control>
                            <control type="image">
                                <!--Panel icon image-->
                                <width>400</width>
                                <height>330</height>
                                <bordersize>8</bordersize>
                                <texture background="true" diffuse="diffuse/wide.png">$VAR[LandscapeImage]</texture>
                                <aspectratio scalediffuse="false" align="center" aligny="top">scale</aspectratio>
                            </control>
                            <control type="label">
                                <left>430</left>
                                <width>420</width>
                                <top>20</top>
                                <height>50</height>
                                <align>left</align>
                                <font>Bold28</font>
                                <textcolor>$INFO[Skin.String(ViewDetailsListItemTextFocusColor)]</textcolor>
                                <selectedcolor>$INFO[Skin.String(ViewDetailsListItemTextFocusColor)]</selectedcolor>
                                <label>$INFO[ListItem.Label]</label>
                            </control>
                            <control type="textbox">
                                <left>430</left>
                                <right>30</right>
                                <top>70</top>
                                <height>188</height>
                                <align>justify</align>
                                <font>Reg26</font>
                                <textcolor>$INFO[Skin.String(ViewDetailsListItemTextFocusColor)]</textcolor>
                                <selectedcolor>$INFO[Skin.String(ViewDetailsListItemTextFocusColor)]</selectedcolor>
                                <label>$INFO[ListItem.Plot]</label>
                                <autoscroll delay="4000" time="4000" repeat="2000">!Skin.HasSetting(DisablePlotAutoScroll)</autoscroll>
                            </control>
                            <control type="label">
                                <width>420</width>
                                <right>30</right>
                                <bottom>20</bottom>
                                <aligny>center</aligny>
                                <height>38</height>
                                <align>right</align>
                                <font>Reg26</font>
                                <textcolor>$INFO[Skin.String(ViewDetailsListItemTextFocusColor)]</textcolor>
                                <selectedcolor>$INFO[Skin.String(ViewDetailsListItemTextFocusColor)]</selectedcolor>
                                <label fallback="19055">$VAR[ListDetails]</label>
                            </control>
                            <control type="group">
                                <right>8</right>
                                <top>8</top>
                                <include>WatchedIndicatorNormal</include>
                             </control>
                        </control>
                    </focusedlayout>

                    <itemlayout width="910" height="350" condition="!Container.Content(episodes)">
                        <control type="group">
                            <width>890</width>
                            <height>330</height>
                            <control type="image">
                                <texture>diffuse/wide.png</texture>
                                <colordiffuse>$VAR[ViewDetailsPanelColor]</colordiffuse>
                                <include condition="Skin.String(thumbsborder_unfocused, 0)">thumbborder_0</include>
                                <include condition="Skin.String(thumbsborder_unfocused, 2)">thumbborder_2</include>
                                <include condition="Skin.String(thumbsborder_unfocused, 4)">thumbborder_4</include>
                                <include condition="Skin.String(thumbsborder_unfocused, 6)">thumbborder_6</include>
                            </control>
                            <control type="image">
                                <!--Panel icon image-->
                                <width>250</width>
                                <height>330</height>
                                <bordersize>8</bordersize>
                                <texture background="true" diffuse="diffuse/wide.png">$VAR[PosterThumbList]</texture>
                                <aspectratio scalediffuse="false" align="left" aligny="center">keep</aspectratio>
                            </control>
                            <control type="label">
                                <left>250</left>
                                <width>600</width>
                                <top>20</top>
                                <height>50</height>
                                <align>left</align>
                                <font>Bold30</font>
                                <textcolor>$INFO[Skin.String(ViewDetailsListItemTextColor)]</textcolor>
                                <selectedcolor>$INFO[Skin.String(ViewDetailsListItemTextColor)]</selectedcolor>
                                <label>$INFO[ListItem.Label]</label>
                            </control>
                            <control type="textbox">
                                <left>250</left>
                                <right>30</right>
                                <top>70</top>
                                <height>185</height>
                                <align>justify</align>
                                <font>Reg26</font>
                                <textcolor>$INFO[Skin.String(ViewDetailsListItemTextColor)]</textcolor>
                                <selectedcolor>$INFO[Skin.String(ViewDetailsListItemTextColor)]</selectedcolor>
                                <label>$VAR[Plots]</label>
                                <autoscroll>false</autoscroll>
                            </control>
                            <control type="label">
                                <width>600</width>
                                <right>30</right>
                                <bottom>20</bottom>
                                <aligny>center</aligny>
                                <height>38</height>
                                <align>right</align>
                                <font>Reg26</font>
                                <textcolor>$INFO[Skin.String(ViewDetailsListItemTextColor)]</textcolor>
                                <selectedcolor>$INFO[Skin.String(ViewDetailsListItemTextColor)]</selectedcolor>
                                <label fallback="19055">$VAR[ListDetails]</label>
                            </control>
                            <control type="group">
                                <right>8</right>
                                <top>8</top>
                                <include>WatchedIndicatorNormal</include>
                             </control>
                        </control>
                    </itemlayout>
                    <focusedlayout width="910" height="350" condition="!Container.Content(episodes)">
                        <control type="group">
                            <width>890</width>
                            <height>330</height>
                            <control type="image">
                                <texture>diffuse/wide.png</texture>
                                <colordiffuse>$VAR[ViewDetailsBorderFocusColor]</colordiffuse>
                                <include condition="Skin.String(thumbsborder_unfocused, 0)">thumbborder_0</include>
                                <include condition="Skin.String(thumbsborder_unfocused, 2)">thumbborder_2</include>
                                <include condition="Skin.String(thumbsborder_unfocused, 4)">thumbborder_4</include>
                                <include condition="Skin.String(thumbsborder_unfocused, 6)">thumbborder_6</include>
                            </control>
                            <control type="image">
                                <!--Panel icon image-->
                                <width>250</width>
                                <height>330</height>
                                <bordersize>8</bordersize>
                                <texture background="true" diffuse="diffuse/wide.png">$VAR[PosterThumbList]</texture>
                                <aspectratio scalediffuse="false" align="left" aligny="center">keep</aspectratio>
                            </control>
                            <control type="label">
                                <left>250</left>
                                <width>600</width>
                                <top>20</top>
                                <height>50</height>
                                <align>left</align>
                                <font>Bold30</font>
                                <textcolor>$INFO[Skin.String(ViewDetailsListItemTextFocusColor)]</textcolor>
                                <selectedcolor>$INFO[Skin.String(ViewDetailsListItemTextFocusColor)]</selectedcolor>
                                <label>$INFO[ListItem.Label]</label>
                            </control>
                            <control type="textbox">
                                <left>250</left>
                                <right>30</right>
                                <top>70</top>
                                <height>188</height>
                                <align>justify</align>
                                <font>Reg26</font>
                                <textcolor>$INFO[Skin.String(ViewDetailsListItemTextFocusColor)]</textcolor>
                                <selectedcolor>$INFO[Skin.String(ViewDetailsListItemTextFocusColor)]</selectedcolor>
                                <label>$VAR[Plots]</label>
                                <autoscroll delay="4000" time="4000" repeat="2000">!Skin.HasSetting(DisablePlotAutoScroll)</autoscroll>
                            </control>
                            <control type="label">
                                <width>600</width>
                                <right>30</right>
                                <bottom>20</bottom>
                                <aligny>center</aligny>
                                <height>38</height>
                                <align>right</align>
                                <font>Reg26</font>
                                <textcolor>$INFO[Skin.String(ViewDetailsListItemTextFocusColor)]</textcolor>
                                <selectedcolor>$INFO[Skin.String(ViewDetailsListItemTextFocusColor)]</selectedcolor>
                                <label fallback="19055">$VAR[ListDetails]</label>
                            </control>
                            <control type="group">
                                <right>8</right>
                                <top>8</top>
                                <include>WatchedIndicatorNormal</include>
                             </control>
                        </control>
                    </focusedlayout>
                </control>
                <!--vertical Scollbar-->
                <control type="scrollbar" id="60">
                    <visible>Control.IsVisible(517) + Integer.IsGreater(Container.Numitems,0)</visible>
                    <right>15</right>
                    <bottom>150</bottom>
                    <height>730</height>
                    <onup>60</onup>
                    <ondown>6000</ondown>
                    <onleft>517</onleft>
                    <animation effect="fade" start="0" end="100" time="400" condition="[Control.HasFocus(60) | Skin.HasSetting(EnableTouchSupport) | Container.Scrolling | Skin.HasSetting(alwaysShowScrollbars)] + !Control.IsVisible(6002)">Conditional</animation>
                    <animation effect="fade" start="100" end="0" time="400" condition="![Control.HasFocus(60) | Skin.HasSetting(EnableTouchSupport) | Container.Scrolling | Skin.HasSetting(alwaysShowScrollbars)] | Control.IsVisible(6002)">Conditional</animation>
                </control>
            </control>
         </control>
    </include>
   

</includes>
