<?xml version="1.0" encoding="utf-8"?>
<!--BINGIE-->
<window type="window" id="3018">
    <defaultcontrol always="true">9000</defaultcontrol>
    <menucontrol>300</menucontrol>
    <onload>AlarmClock(focusWidgets,SetFocus(77777),00:00,silent)</onload>
	<onload>ClearProperty(ShowViewSubMenu, Home)</onload>
    <onload>SetProperty(netflixview,active,Home)</onload>
	<onunload>ClearProperty(ShowViewSubMenu, Home)</onunload>
    <onunload condition="!String.Contains(Skin.String(HomeLayout),netflix)">ClearProperty(netflixview, Home)</onunload>
    <onunload>ClearProperty(SkinHelper.WidgetContainer,Home)</onunload>
    <controls>
        <include>GlobalBackground</include>
        <!--NowPlaying-->
		<include>NowPlayingBackground</include>
        <include>NowPlayingInfoBar</include>
        <!-- hidden submenu for count calculations -->
        <include condition="!Skin.HasSetting(DisableAllSubmenus)">hiddenSubmenu</include>
        <include>HomeNetflix2</include>
	</controls>
</window>
