<includes>

    <include name="HomeTitanTiles">

        <!-- Header -->
		<include>Header</include>
        
        <control type="group">
			<include>animation_window_open_close</include>
            
            <!-- widgets -->
            <include condition="!Skin.HasSetting(DisableAllWidgets) + !String.Contains(Skin.String(HomeLayout),3)">HorizontalWidgets</include>
    
            <!-- mainmenu -->
            <include condition="[!Skin.HasSetting(UseFixedHomeFocus) + [Skin.String(HomeLayout, 1) | Skin.String(HomeLayout, 1small)]] | Skin.String(HomeLayout, 2) | Skin.String(HomeLayout, 3) | Skin.String(HomeLayout, 2small) | Skin.String(HomeLayout, 3small)">HomeTitanTilesNormal</include>
            <include condition="Skin.HasSetting(UseFixedHomeFocus) + [Skin.String(HomeLayout, 1) | Skin.String(HomeLayout, 1small)]">HomeTitanTilesFixedFocus</include>
            
            <control type="scrollbar" id="60">
                <posx>1835</posx>
                <posy>390</posy>
                <height>570</height>
                <onleft>50</onleft>
                <visible>false</visible>
            </control>
            
            <!--Footer-->
            <include condition="!skin.hassetting(nofooterbar)">Footer</include>
            
            <!-- submenu -->
            <include condition="!Skin.HasSetting(DisableAllSubmenus) + Skin.String(SubmenuLayout, vertical) + [Skin.String(HomeLayout, 1) | Skin.String(HomeLayout, 2) | Skin.String(HomeLayout, 3) | Skin.String(HomeLayout, 1small) | Skin.String(HomeLayout, 2small) | Skin.String(HomeLayout, 3small)]">HomeMenuSubMenuVertical</include>
            <include condition="!Skin.HasSetting(DisableAllSubmenus) + Skin.String(SubmenuLayout, horizontal) + [Skin.String(HomeLayout, 1) | Skin.String(HomeLayout, 2) | Skin.String(HomeLayout, 3) | Skin.String(HomeLayout, 1small) | Skin.String(HomeLayout, 2small) | Skin.String(HomeLayout, 3small)]">HomeMenuSubMenuHorizontal</include>
            <include condition="!Skin.HasSetting(DisableAllSubmenus) + Skin.String(SubmenuLayout, tiles) + [Skin.String(HomeLayout, 1) | Skin.String(HomeLayout, 2) | Skin.String(HomeLayout, 3) | Skin.String(HomeLayout, 1small) | Skin.String(HomeLayout, 2small) | Skin.String(HomeLayout, 3small)]">HomeMenuSubMenuSmallTiles</include>
            <include condition="!Skin.HasSetting(DisableAllSubmenus) + Skin.String(SubmenuLayout, subpage) + [Skin.String(HomeLayout, 1) | Skin.String(HomeLayout, 2) | Skin.String(HomeLayout, 3) | Skin.String(HomeLayout, 1small) | Skin.String(HomeLayout, 2small) | Skin.String(HomeLayout, 3small)]">HomeMenuSubMenuPage</include>

            <!-- touchscreen support -->
            <include condition="Skin.HasSetting(EnableTouchSupport)">TouchControlsHome</include>
            <!-- Power button -->
            <control type="group">
                <posx>930</posx>
                <bottom>20</bottom>
                <width>60</width>
                <height>60</height>
                <include name="PowerButton" content="PowerButton" condition="!Skin.HasSetting(EnableTouchSupport) + !Skin.HasSetting(DisablePowerMenu)">
                    <param name="visibility" value="!Skin.HasSetting(HidePowerMenu) + !Control.IsVisible(77551) + !Control.IsVisible(4444) + ![!String.IsEmpty(Container(300).ListItem.Property(infoline)) + !String.IsEqual(Container(300).ListItem.Property(infoline),none)] + !system.getbool(lookandfeel.enablerssfeeds)" />
                </include>
                <animation type="Conditional" condition="skin.hastheme(classic)">
                    <effect type="slide" start="0,0" end="0,-15" time="0" tween="cubic" easing="inout" delay="0" />
                </animation>
            </control>
        </control>
    </include>
	
	<include name="HomeTitanTilesFixedFocus">	
		<control type="wraplist" id="300">
            <include>HomeTitanTilesLayout</include>
        </control>

	</include>
	<include name="HomeTitanTilesNormal">
		<control type="panel" id="300">
            <include>HomeTitanTilesLayout</include>
        </control>
	</include>
	<include name="HomeTitanTilesOrientationHorizontal">
		<orientation>horizontal</orientation>
	</include>
	<include name="HomeTitanTilesOrientationVertical">
		<orientation>vertical</orientation>
	</include>
    <include name="HomeTitanTilesIndicators">
        <!--widget Arrow UP-->
        <control type="group">
            <!-- show arrow up button if widget available -->
            <visible>!Skin.HasSetting(DisableAllWidgets)</visible>
            <visible>!String.IsEmpty(Container(300).ListItem.Property(widget)) + [[[Skin.String(HomeLayout, 2) | Skin.String(HomeLayout, 2small)] + [String.IsEqual(Container(300).Position,0) | String.IsEqual(Container(300).Position,2) | String.IsEqual(Container(300).Position,4) | String.IsEqual(Container(300).Position,6) | String.IsEqual(Container(300).Position,8)]] | Skin.String(HomeLayout, 1) | Skin.String(HomeLayout, 1small)]</visible>
            <animation effect="fade" start="0" end="100" delay="1200" time="800" pulse="false">Focus</animation>
            <control type="image">
                <left>35%</left>
                <posy>0</posy>
                <width>25%</width>
                <height>33</height>
                <texture border="5" colordiffuse="$INFO[Skin.String(GeneralPanelsColor)]">diffuse/panel.png</texture>
                <visible>!skin.hastheme(classic)</visible>
            </control>
            <control type="image">
                <left>35%</left>
                <posy>0</posy>
                <width>25%</width>
                <height>30</height>
                <texture colordiffuse="$VAR[ViewDetailsFocusColor]">home/home_arrow_up.png</texture>
                <aspectratio>keep</aspectratio>
                <visible>!skin.hastheme(classic)</visible>
            </control>
            <control type="image">
                <left>35%</left>
                <posy>0</posy>
                <width>25%</width>
                <height>33</height>
                <texture colordiffuse="$VAR[ViewDetailsFocusColor]">home/basichome_up.png</texture>
                <visible>skin.hastheme(classic)</visible>
            </control>
        </control>
         <!--widget Arrow DOWN-->
        <control type="group">
            <!-- show arrow down button if submenu available or widget at 2 rows of home tiles -->
            <visible>!Skin.HasSetting(DisableAllSubmenus)</visible>
            <visible>[[Integer.IsGreater(Container(4444).NumItems,0) + [Skin.String(HomeLayout, 1) | Skin.String(HomeLayout, 1small)]] | [!String.IsEmpty(Container(300).ListItem.Property(widget)) + [Skin.String(HomeLayout, 2) | Skin.String(HomeLayout, 2small)] + [String.IsEqual(Container(300).Position,1) | String.IsEqual(Container(300).Position,3) | String.IsEqual(Container(300).Position,5) | String.IsEqual(Container(300).Position,7) | String.IsEqual(Container(300).Position,9)]]]</visible>
            <animation effect="fade" start="0" end="100" delay="1200" time="800" pulse="false">Focus</animation>
            <control type="image">
                <left>35%</left>
                <bottom>0</bottom>
                <width>25%</width>
                <height>33</height>
                <texture border="5" colordiffuse="$INFO[Skin.String(GeneralPanelsColor)]">diffuse/panel.png</texture>
                <visible>!skin.hastheme(classic)</visible>
            </control>
            <control type="image">
                <left>35%</left>
                <bottom>0</bottom>
                <width>25%</width>
                <height>30</height>
                <texture colordiffuse="$VAR[ViewDetailsFocusColor]">home/home_arrow_down.png</texture>
                <aspectratio>keep</aspectratio>
                <visible>!skin.hastheme(classic)</visible>
            </control>
            <control type="image">
                <left>35%</left>
                <bottom>0</bottom>
                <width>25%</width>
                <height>33</height>
                <texture colordiffuse="$VAR[ViewDetailsFocusColor]">home/basichome_down.png</texture>
                <visible>skin.hastheme(classic)</visible>
            </control>
        </control>
				
    </include>
	<include name="HomeTitanTilesLayout">
		<include condition="Skin.String(HomeLayout, 1)">TitanTiles_1Row</include>
		<include condition="Skin.String(HomeLayout, 2)">TitanTiles_2Row</include>
		<include condition="Skin.String(HomeLayout, 3)">TitanTiles_3Row</include>
		
		<include condition="Skin.String(HomeLayout, 1small)">TitanTiles_1RowSmall</include>
		<include condition="Skin.String(HomeLayout, 2small)">TitanTiles_2RowSmall</include>
		<include condition="Skin.String(HomeLayout, 3small)">TitanTiles_3RowSmall</include>
		
        <posx>55</posx>
        <width>1836</width>
 		<animation type="Conditional" condition="Control.IsVisible(77551)">
			<effect type="slide" start="0,-0" end="0,800" time="300" tween="cubic" easing="inout" delay="0" />
		</animation>
        <animation type="Conditional" condition="[Control.IsVisible(77551) | Control.HasFocus(77777)]">
			<effect type="fade" start="100" end="50" time="400" tween="cubic" easing="inout" delay="0" />
		</animation>

		<animation type="Conditional" condition="Control.IsVisible(4444) + Skin.String(SubmenuLayout, tiles)">
			<effect type="slide" start="0,0" end="0,-60" time="200" tween="cubic" easing="inout" delay="0" />
		</animation>
		
		<animation type="Conditional" condition="Skin.HasSetting(HideHomeTileIndicators)">
			<effect type="slide" start="0,0" end="0,30" time="200" tween="cubic" easing="inout" delay="0" />
		</animation>

		<animation type="Conditional" condition="[String.Contains(Window(Home).Property(submenu),show) | Control.HasFocus(4444)] + Skin.String(SubmenuLayout, subpage)">
			<effect type="slide" start="0,0" end="0,1000" time="0" delay="0" />
		</animation>

		<onup>$VAR[HomeButtonUpAction]</onup>
		<ondown>$VAR[HomeButtonDownAction]</ondown>
		
		<include condition="Skin.String(HomeLayout, 1) | Skin.String(HomeLayout, 2) | Skin.String(HomeLayout, 1small) | Skin.String(HomeLayout, 2small)">HomeTitanTilesOrientationHorizontal</include>
		<include condition="Skin.String(HomeLayout, 3) | Skin.String(HomeLayout, 3small)">HomeTitanTilesOrientationVertical</include>

		<pagecontrol>60</pagecontrol>

		<itemlayout width="612" height="290" condition="Skin.String(HomeLayout, 1) | Skin.String(HomeLayout, 2) | Skin.String(HomeLayout, 3)">
			<control type="group">
                <width>590</width>
                <height>240</height>
                <posy>25</posy>
                <include>LandscapeLayout</include>
                <control type="group">
                    <description>label overlay</description>
                    <include>LandscapeTagOverlay</include>
                    <include>LandscapeTagOverlayVisibility</include>
                </control>
            </control>
		</itemlayout>
		<focusedlayout width="612" height="290" condition="Skin.String(HomeLayout, 1) | Skin.String(HomeLayout, 2) | Skin.String(HomeLayout, 3)">
			
            <include condition="!Skin.HasSetting(HideHomeTileIndicators)">HomeTitanTilesIndicators</include>

            <control type="group">
                <width>590</width>
                <height>240</height>
                <posy>25</posy>
                <include>LandscapeLayoutFocus</include>
                <control type="group">
                    <description>label overlay</description>
                    <include>LandscapeTagOverlay</include>
                    <include>LandscapeTagOverlayVisibility</include>
                </control>
                <include>HiddenHomeMenuButton</include>
            </control>
   
		</focusedlayout>
		
		<itemlayout width="365" height="227" condition="Skin.String(HomeLayout, 1small) | Skin.String(HomeLayout, 2small) | Skin.String(HomeLayout, 3small)">
			<control type="group">
                <width>337</width>
                <height>175</height>
                <posy>25</posy>
                <include>ThumbsViewLayout</include>
                <control type="group">
                    <description>label overlay</description>
                    <include>ThumbsTagOverlay</include>
                    <include>LandscapeTagOverlayVisibility</include>
                </control>
            </control>
		</itemlayout>
		<focusedlayout width="365" height="227" condition="Skin.String(HomeLayout, 1small) | Skin.String(HomeLayout, 2small) | Skin.String(HomeLayout, 3small)">
			<include condition="!Skin.HasSetting(HideHomeTileIndicators)">HomeTitanTilesIndicators</include>
            <control type="group">
                <width>337</width>
                <height>175</height>
                <posy>25</posy>
                <include>ThumbsViewLayoutFocus</include>
                <control type="group">
                    <description>label overlay</description>
                    <include>ThumbsTagOverlay</include>
                    <include>LandscapeTagOverlayVisibility</include>
                </control>
                <include>HiddenHomeMenuButton</include>
            </control>
		</focusedlayout>
		<content>
			<include>skinshortcuts-mainmenu</include>
		</content>
	</include>
	
	<!-- Tile Row sizes -->
    <include name="TitanTiles_1Row">
        <height>325</height>
        <bottom>110</bottom>
		<focusposition>1</focusposition>
    </include>
    <include name="TitanTiles_2Row">
        <height>605</height>
        <bottom>90</bottom>
    </include>
	<include name="TitanTiles_3Row">
        <height>870</height>
        <bottom>90</bottom>
    </include>
	<include name="TitanTiles_1RowSmall">
        <height>227</height>
        <bottom>125</bottom>
		<focusposition>2</focusposition>
        <posx>60</posx>
        <width>1825</width>
    </include>
    <include name="TitanTiles_2RowSmall">
        <height>454</height>
        <bottom>125</bottom>
        <posx>60</posx>
        <width>1825</width>
    </include>
	<include name="TitanTiles_3RowSmall">
		<orientation>vertical</orientation>
        <height>681</height>
        <bottom>125</bottom>
        <posx>60</posx>
        <width>1825</width>
    </include>
	
</includes>