<?xml version="1.0" encoding="utf-8"?>
<!--Titan-->
<window>
    <defaultcontrol always="true">10</defaultcontrol>
	<allowoverlay>no</allowoverlay>
	<views>10</views>
    <menucontrol>9000</menucontrol>
    <onunload>ClearProperty(pvrGuideOnFullscreenVideo,home)</onunload>
    <controls>
        <control type="group">
            <visible>String.IsEmpty(Window(home).Property(pvrGuideOnFullscreenVideo))</visible>
            <!--Global Background-->
            <include>GlobalBackground</include>
            <!--Header-->
            <include>Header</include>
            <!--NowPlaying-->
            <include condition="!Skin.HasTheme(classic) + String.IsEmpty(Window(home).Property(pvrGuideOnFullscreenVideo))">NowPlayingModern</include>
                 <!--Footer-->
            <control type="group">
                <visible>!Skin.HasSetting(GuideShowInfo)</visible>
                <include condition="!skin.hassetting(nofooterbar)">Footer</include>
            </control>
		</control>
         <include condition="!String.IsEmpty(Window(home).Property(pvrGuideOnFullscreenVideo))">NowPlayingBackground</include>
        <control type="button" id="9200">
            <description>Empty so we can pass the values up one level</description>
            <visible allowhiddenfocus="true">False</visible>
            <onfocus>FullScreen</onfocus>
            <onfocus>ClearProperty(pvrGuideOnFullscreenVideo,home)</onfocus>
        </control>
        <!--PVR Views-->
 
        <control type="group" id="5000">
			<include>animation_window_open_close</include>
			<posx>10</posx>
			<posy>-30</posy>
			<animation effect="slide" end="0,-80" time="0" condition="Skin.HasSetting(GuideShowInfo)">Conditional</animation>
            <control type="group">
                <!--Panel-->
                <include>animation_view_change_pvr</include>

                <!-- background panel EPG when no info -->
				<control type="image">
					<posy>260</posy>
					<posx>40</posx>
					<width>1820</width>
					<height>730</height>
					<texture border="15">diffuse/bgpanel.png</texture>
					<colordiffuse>$VAR[ViewDetailsPanelColor]</colordiffuse>
					<aspectratio>stretch</aspectratio>
                    <visible>!Skin.HasSetting(PVRGuideHidepanel)</visible>
					<visible>!Skin.HasSetting(GuideShowInfo) + String.IsEmpty(Window(home).Property(pvrGuideOnFullscreenVideo))</visible>
				</control>
                <!-- background panel EPG when active as half guide on top of video -->
                <control type="image">
					<posy>770</posy>
					<posx>-10</posx>
					<width>1920</width>
					<height>500</height>
					<texture border="15">diffuse/bgpanel.png</texture>
					<colordiffuse>$INFO[Skin.String(OSDPanelColor)]</colordiffuse>
					<aspectratio>stretch</aspectratio>
					<visible>!String.IsEmpty(Window(home).Property(pvrGuideOnFullscreenVideo))</visible>
				</control>
				
                <!-- background panel EPG when info enabled -->
				<control type="image">
					<posy>270</posy>
					<posx>40</posx>
					<width>1820</width>
					<height>1000</height>
					<texture border="15">diffuse/bgpanel.png</texture>
					<colordiffuse>$VAR[ViewDetailsPanelColor]</colordiffuse>
					<aspectratio>stretch</aspectratio>
                     <visible>!Skin.HasSetting(PVRGuideHidepanel)</visible>
					<visible>Skin.HasSetting(GuideShowInfo) + String.IsEmpty(Window(home).Property(pvrGuideOnFullscreenVideo))</visible>
				</control>
				
				<control type="image">
					<posy>309</posy>
					<posx>50</posx>
					<width>500</width>
					<height>631</height>
					<texture border="0">pvr/guide_diffuse.png</texture>
					<aspectratio>stretch</aspectratio>
					<visible>[skin.string(GuideRows, 7) | skin.string(GuideRows, 8)] + control.isvisible(10)</visible>
					<visible>!Skin.HasSetting(HideChannelNamesInGuide) + String.IsEmpty(Window(home).Property(pvrGuideOnFullscreenVideo))</visible>
				</control>
				<control type="image">
					<posy>309</posy>
					<posx>50</posx>
					<width>500</width>
					<height>631</height>
					<texture border="0">pvr/guide_diffuse.png</texture>
					<aspectratio>stretch</aspectratio>
					<visible>[skin.string(GuideRows, 7) | skin.string(GuideRows, 8)] + control.isvisible(10)</visible>
					<visible>!Skin.HasSetting(HideChannelNamesInGuide) + String.IsEmpty(Window(home).Property(pvrGuideOnFullscreenVideo))</visible>
				</control>
                <control type="image">
					<posy>309</posy>
					<posx>50</posx>
					<width>250</width>
					<height>631</height>
					<texture border="0">pvr/guide_diffuse.png</texture>
					<aspectratio>stretch</aspectratio>
					<visible>[skin.string(GuideRows, 7) | skin.string(GuideRows, 8)] + control.isvisible(10)</visible>
					<visible>Skin.HasSetting(HideChannelNamesInGuide) + String.IsEmpty(Window(home).Property(pvrGuideOnFullscreenVideo))</visible>
				</control>
				<control type="image">
					<posy>309</posy>
					<posx>50</posx>
					<width>200</width>
					<height>631</height>
					<texture border="0">pvr/guide_diffuse.png</texture>
					<aspectratio>stretch</aspectratio>
					<visible>!skin.string(GuideRows, 7) + !skin.string(GuideRows, 8) + control.isvisible(10)</visible>
					<visible>Skin.HasSetting(HideChannelNamesInGuide) + String.IsEmpty(Window(home).Property(pvrGuideOnFullscreenVideo))</visible>
				</control>
				
				<control type="image">
					<!--Seperator-->
					<posy>307</posy>
					<posx>-68</posx>
					<width>2040</width>
					<height>10</height>
					<align>left</align>
					<texture border="10">common/menu-separator.png</texture>
                    <visible>String.IsEmpty(Window(home).Property(pvrGuideOnFullscreenVideo))</visible>
				</control>
				<control type="image">
					<!--Seperator-->
					<posy>940</posy>
					<posx>-68</posx>
					<width>2040</width>
					<height>10</height>
					<align>left</align>
					<texture border="10">common/menu-separator.png</texture>
                    <visible>String.IsEmpty(Window(home).Property(pvrGuideOnFullscreenVideo))</visible>
				</control>
				
				<!-- info panel -->
				<control type="group">
					<posx>60</posx>
					<posy>965</posy>
					<visible>Skin.HasSetting(GuideShowInfo) + String.IsEmpty(Window(home).Property(pvrGuideOnFullscreenVideo))</visible>
					<control type="image">
						<!--Icon-->
						<right>60</right>
						<posy>0</posy>
						<width>300</width>
						<height>210</height>
						<texture fallback="DefaultAddonTvInfo.png" diffuse="home/home_matte2.png">$VAR[PVRThumb]</texture>
						<aspectratio align="right">keep</aspectratio>
						<visible>![VideoPlayer.Content(livetv) + Skin.HasSetting(PVRShowPreview)]</visible>
					</control>
                    <!-- black background behind video -->
                    <control type="image">
                        <texture>colors/color_black.png</texture>
                        <right>60</right>
						<posy>0</posy>
						<width>300</width>
						<height>210</height>
						<visible>VideoPlayer.Content(livetv) + Skin.HasSetting(PVRShowPreview)</visible>
                    </control>
					<!--Video Window -->
					<control type="videowindow">
						<right>60</right>
						<posy>0</posy>
						<width>300</width>
						<height>210</height>
						<visible>VideoPlayer.Content(livetv) + Skin.HasSetting(PVRShowPreview)</visible>
					</control>
					<control type="label">
						<!--title-->
						<posx>0</posx>
						<posy>0</posy>
						<width>1460</width>
						<height>20</height>
						<font>Reg28</font>
						<textcolor>$INFO[Skin.String(ViewDetailsHighlightTextColor)]</textcolor>
						<label>[B]$INFO[ListItem.Label]$INFO[ListItem.EpisodeName, (,)][/B]</label>
						<aligny>top</aligny>
                        <wrapmultiline>false</wrapmultiline>
					</control>
					<control type="label">
						<!--time,duration,genre-->
						<posx>0</posx>
						<posy>45</posy>
						<width>1460</width>
						<height>80</height>
						<font>Reg26</font>
						<textcolor>$INFO[Skin.String(ViewDetailsTextColor)]</textcolor>
						<label>$INFO[ListItem.StartTime]$INFO[ListItem.EndTime, - ]$INFO[ListItem.Season, • $LOCALIZE[20373] ]$INFO[ListItem.Episode, • $LOCALIZE[20359] ]$INFO[ListItem.Genre, • ]</label>
						<aligny>top</aligny>
					</control>
					<control type="textbox">
						<!--Info Plot-->
						<posx>0</posx>
						<posy>85</posy>
						<height>125</height>
						<width>1460</width>
						<font>Reg28</font>
						<textcolor>$INFO[Skin.String(ViewDetailsTextColor)]</textcolor>
						<label fallback="161">$INFO[ListItem.Plot]</label>
					</control>
				</control>
			</control>
            <control type="group">
                <!-- timeline view ID=10-->
                <control type="epggrid" id="10">
                    <viewtype label="19032">list</viewtype>
                    <description>EPG Grid</description>
                    <include>animation_view_change_pvr</include>
                    <include condition="!String.IsEmpty(Window(home).Property(pvrGuideOnFullscreenVideo)) + Skin.string(GuideRows, 7)">altEpgOnScreen7</include>
                    <include condition="!String.IsEmpty(Window(home).Property(pvrGuideOnFullscreenVideo)) + Skin.string(GuideRows, 9)">altEpgOnScreen9</include>
                    <include condition="!String.IsEmpty(Window(home).Property(pvrGuideOnFullscreenVideo)) + Skin.string(GuideRows, 10)">altEpgOnScreen10</include>
                    <top>275</top>
                    <height>665</height>
                    <left>50</left>
                    <width>1800</width>
                    <pagecontrol>10</pagecontrol>
                    <timeblocks>40</timeblocks>
                    <rulerunit>6</rulerunit>
                    <onleft>9000</onleft>
                    <scrolltime tween="quadratic">300</scrolltime>
                    <onback condition="Skin.HasSetting(PVRGuideBackSideblade) + String.IsEmpty(Window(home).Property(pvrGuideOnFullscreenVideo))">9000</onback>
                    <onback condition="!String.IsEmpty(Window(home).Property(pvrGuideOnFullscreenVideo))">9200</onback>
                    <include condition="!Skin.HasSetting(UseAltEpgProgress)">EpgProgressIndicatorNormal</include>
                    <include condition="Skin.HasSetting(UseAltEpgProgress)">EpgProgressIndicatorAlt</include>
                    <onleft>31</onleft>
                    <onright>31</onright>
                    <onup>10</onup>
                    <ondown>10</ondown>
                    <rulerlayout height="35" width="60" condition="skin.string(GuideRows, 10)">
                        <!--Date, Time Top Line-->
                        <control type="label" id="2">
                            <!--Date, Time-->
                            <posx>0</posx>
                            <width>60</width>
                            <height>30</height>
                            <align>left</align>
                            <font>Reg24</font>
                            <textcolor>$INFO[Skin.String(ViewDetailsTextColor)]</textcolor>
                            <label>$INFO[ListItem.Label]</label>
                        </control>
                    </rulerlayout>
                    <rulerlayout height="35" width="60" condition="!skin.string(GuideRows, 10)">
                        <!--Date, Time Top Line-->
                        <control type="label" id="2">
                            <!--Date, Time-->
                            <posx>0</posx>
                            <width>60</width>
                            <height>30</height>
                            <align>left</align>
                            <font>Reg28</font>
                            <textcolor>$INFO[Skin.String(ViewDetailsTextColor)]</textcolor>
                            <label>$INFO[ListItem.Label]</label>
                        </control>
                    </rulerlayout>
                    
                    <!-- guide 10 rows -->
                    <channellayout height="63" width="400" condition="skin.string(GuideRows, 10) + !Skin.HasSetting(HideChannelNamesInGuide)">
                        <include name="PVRGuideChannelItemLayout" content="PVRGuideChannelItemLayout">
                            <param name="panelcolor" value="$INFO[Skin.String(PVRGuideItemColorUnfocus)]" />
                            <param name="textcolor" value="$INFO[Skin.String(PVRGuideItemTextColorUnfocus)]" />
                            <param name="font" value="Reg26" />
                        </include>
                    </channellayout>
                    <focusedchannellayout height="63" width="400" condition="skin.string(GuideRows, 10) + !Skin.HasSetting(HideChannelNamesInGuide)">
                        <include name="PVRGuideChannelItemLayout" content="PVRGuideChannelItemLayout" condition="!Skin.HasSetting(pvrGuideHighlightChannel)">
                            <param name="panelcolor" value="$INFO[Skin.String(PVRGuideItemColorUnfocus)]" />
                            <param name="textcolor" value="$INFO[Skin.String(PVRGuideItemTextColorUnfocus)]" />
                            <param name="font" value="Reg26" />
                        </include>
                        <include name="PVRGuideChannelItemLayout" content="PVRGuideChannelItemLayout" condition="Skin.HasSetting(pvrGuideHighlightChannel)">
                            <param name="panelcolor" value="$INFO[Skin.String(PVRGuideItemColorFocus)]" />
                            <param name="textcolor" value="$INFO[Skin.String(PVRGuideItemTextColorFocus)]" />
                            <param name="font" value="Reg26" />
                        </include>
                    </focusedchannellayout>
                    <channellayout height="63" width="200" condition="skin.string(GuideRows, 10) + Skin.HasSetting(HideChannelNamesInGuide)">
                        <include name="PVRGuideChannelItemLayout" content="PVRGuideChannelItemLayout">
                            <param name="panelcolor" value="$INFO[Skin.String(PVRGuideItemColorUnfocus)]" />
                            <param name="textcolor" value="$INFO[Skin.String(PVRGuideItemTextColorUnfocus)]" />
                            <param name="font" value="Reg26" />
                        </include>
                    </channellayout>
                    <focusedchannellayout height="63" width="200" condition="skin.string(GuideRows, 10) + Skin.HasSetting(HideChannelNamesInGuide)">
                        <include name="PVRGuideChannelItemLayout" content="PVRGuideChannelItemLayout" condition="!Skin.HasSetting(pvrGuideHighlightChannel)">
                            <param name="panelcolor" value="$INFO[Skin.String(PVRGuideItemColorUnfocus)]" />
                            <param name="textcolor" value="$INFO[Skin.String(PVRGuideItemTextColorUnfocus)]" />
                            <param name="font" value="Reg26" />
                        </include>
                        <include name="PVRGuideChannelItemLayout" content="PVRGuideChannelItemLayout" condition="Skin.HasSetting(pvrGuideHighlightChannel)">
                            <param name="panelcolor" value="$INFO[Skin.String(PVRGuideItemColorFocus)]" />
                            <param name="textcolor" value="$INFO[Skin.String(PVRGuideItemTextColorFocus)]" />
                            <param name="font" value="Reg26" />
                        </include>
                    </focusedchannellayout>
                    <itemlayout height="63" width="60" condition="skin.string(GuideRows, 10)">
                        <include>PVRGuideItemLayout</include>
                    </itemlayout>
                    <focusedlayout height="63" width="60" condition="skin.string(GuideRows, 10)">
                        <include>PVRGuideItemLayoutFocus</include>
                    </focusedlayout>
                    
                    <!-- guide 7 rows -->
                    <channellayout height="90" width="500" condition="skin.string(GuideRows, 7) + !Skin.HasSetting(HideChannelNamesInGuide)">
                        <include name="PVRGuideChannelItemLayout" content="PVRGuideChannelItemLayout">
                            <param name="panelcolor" value="$INFO[Skin.String(PVRGuideItemColorUnfocus)]" />
                            <param name="textcolor" value="$INFO[Skin.String(PVRGuideItemTextColorUnfocus)]" />
                            <param name="font" value="Reg31" />
                        </include>
                    </channellayout>
                    <focusedchannellayout height="90" width="500" condition="skin.string(GuideRows, 7) + !Skin.HasSetting(HideChannelNamesInGuide)">
                        <include name="PVRGuideChannelItemLayout" content="PVRGuideChannelItemLayout" condition="!Skin.HasSetting(pvrGuideHighlightChannel)">
                            <param name="panelcolor" value="$INFO[Skin.String(PVRGuideItemColorUnfocus)]" />
                            <param name="textcolor" value="$INFO[Skin.String(PVRGuideItemTextColorUnfocus)]" />
                            <param name="font" value="Reg31" />
                        </include>
                        <include name="PVRGuideChannelItemLayout" content="PVRGuideChannelItemLayout" condition="Skin.HasSetting(pvrGuideHighlightChannel)">
                            <param name="panelcolor" value="$INFO[Skin.String(PVRGuideItemColorFocus)]" />
                            <param name="textcolor" value="$INFO[Skin.String(PVRGuideItemTextColorFocus)]" />
                            <param name="font" value="Reg31" />
                        </include>
                    </focusedchannellayout>
                    <channellayout height="90" width="250" condition="skin.string(GuideRows, 7) + Skin.HasSetting(HideChannelNamesInGuide)">
                        <include name="PVRGuideChannelItemLayout" content="PVRGuideChannelItemLayout">
                            <param name="panelcolor" value="$INFO[Skin.String(PVRGuideItemColorUnfocus)]" />
                            <param name="textcolor" value="$INFO[Skin.String(PVRGuideItemTextColorUnfocus)]" />
                            <param name="font" value="Reg31" />
                        </include>
                    </channellayout>
                    <focusedchannellayout height="90" width="250" condition="skin.string(GuideRows, 7) + Skin.HasSetting(HideChannelNamesInGuide)">
                        <include name="PVRGuideChannelItemLayout" content="PVRGuideChannelItemLayout" condition="!Skin.HasSetting(pvrGuideHighlightChannel)">
                            <param name="panelcolor" value="$INFO[Skin.String(PVRGuideItemColorUnfocus)]" />
                            <param name="textcolor" value="$INFO[Skin.String(PVRGuideItemTextColorUnfocus)]" />
                            <param name="font" value="Reg31" />
                        </include>
                        <include name="PVRGuideChannelItemLayout" content="PVRGuideChannelItemLayout" condition="Skin.HasSetting(pvrGuideHighlightChannel)">
                            <param name="panelcolor" value="$INFO[Skin.String(PVRGuideItemColorFocus)]" />
                            <param name="textcolor" value="$INFO[Skin.String(PVRGuideItemTextColorFocus)]" />
                            <param name="font" value="Reg31" />
                        </include>
                    </focusedchannellayout>
                    <itemlayout height="90" width="60" condition="skin.string(GuideRows, 7)">
                        <include>PVRGuideItemLayout</include>
                    </itemlayout>
                    <focusedlayout height="90" width="60" condition="skin.string(GuideRows, 7)">
                        <include>PVRGuideItemLayoutFocus</include>
                    </focusedlayout>
                    
                    <!-- guide 8 rows -->
                    <channellayout height="79" width="500" condition="skin.string(GuideRows, 8) + !Skin.HasSetting(HideChannelNamesInGuide)">
                        <include name="PVRGuideChannelItemLayout" content="PVRGuideChannelItemLayout">
                            <param name="panelcolor" value="$INFO[Skin.String(PVRGuideItemColorUnfocus)]" />
                            <param name="textcolor" value="$INFO[Skin.String(PVRGuideItemTextColorUnfocus)]" />
                            <param name="font" value="Reg26" />
                        </include>
                    </channellayout>
                    <focusedchannellayout height="79" width="500" condition="skin.string(GuideRows, 8) + !Skin.HasSetting(HideChannelNamesInGuide)">
                        <include name="PVRGuideChannelItemLayout" content="PVRGuideChannelItemLayout" condition="!Skin.HasSetting(pvrGuideHighlightChannel)">
                            <param name="panelcolor" value="$INFO[Skin.String(PVRGuideItemColorUnfocus)]" />
                            <param name="textcolor" value="$INFO[Skin.String(PVRGuideItemTextColorUnfocus)]" />
                            <param name="font" value="Reg26" />
                        </include>
                        <include name="PVRGuideChannelItemLayout" content="PVRGuideChannelItemLayout" condition="Skin.HasSetting(pvrGuideHighlightChannel)">
                            <param name="panelcolor" value="$INFO[Skin.String(PVRGuideItemColorFocus)]" />
                            <param name="textcolor" value="$INFO[Skin.String(PVRGuideItemTextColorFocus)]" />
                            <param name="font" value="Reg26" />
                        </include>
                    </focusedchannellayout>
                    <channellayout height="79" width="250" condition="skin.string(GuideRows, 8) + Skin.HasSetting(HideChannelNamesInGuide)">
                        <include name="PVRGuideChannelItemLayout" content="PVRGuideChannelItemLayout">
                            <param name="panelcolor" value="$INFO[Skin.String(PVRGuideItemColorUnfocus)]" />
                            <param name="textcolor" value="$INFO[Skin.String(PVRGuideItemTextColorUnfocus)]" />
                            <param name="font" value="Reg26" />
                        </include>
                    </channellayout>
                    <focusedchannellayout height="79" width="250" condition="skin.string(GuideRows, 8) + Skin.HasSetting(HideChannelNamesInGuide)">
                        <include name="PVRGuideChannelItemLayout" content="PVRGuideChannelItemLayout" condition="!Skin.HasSetting(pvrGuideHighlightChannel)">
                            <param name="panelcolor" value="$INFO[Skin.String(PVRGuideItemColorUnfocus)]" />
                            <param name="textcolor" value="$INFO[Skin.String(PVRGuideItemTextColorUnfocus)]" />
                            <param name="font" value="Reg26" />
                        </include>
                        <include name="PVRGuideChannelItemLayout" content="PVRGuideChannelItemLayout" condition="Skin.HasSetting(pvrGuideHighlightChannel)">
                            <param name="panelcolor" value="$INFO[Skin.String(PVRGuideItemColorFocus)]" />
                            <param name="textcolor" value="$INFO[Skin.String(PVRGuideItemTextColorFocus)]" />
                            <param name="font" value="Reg26" />
                        </include>
                    </focusedchannellayout>
                    <itemlayout height="79" width="60" condition="skin.string(GuideRows, 8)">
                        <include>PVRGuideItemLayout</include>
                    </itemlayout>
                    <focusedlayout height="79" width="60" condition="skin.string(GuideRows, 8)">
                        <include>PVRGuideItemLayoutFocus</include>
                    </focusedlayout>
                    
                    <!-- guide 9 rows -->
                    <channellayout height="70" width="400" condition="skin.string(GuideRows, 9) + !Skin.HasSetting(HideChannelNamesInGuide)">
                        <include name="PVRGuideChannelItemLayout" content="PVRGuideChannelItemLayout">
                            <param name="panelcolor" value="$INFO[Skin.String(PVRGuideItemColorUnfocus)]" />
                            <param name="textcolor" value="$INFO[Skin.String(PVRGuideItemTextColorUnfocus)]" />
                            <param name="font" value="Reg26" />
                        </include>
                    </channellayout>
                    <focusedchannellayout height="70" width="400" condition="skin.string(GuideRows, 9) + !Skin.HasSetting(HideChannelNamesInGuide)">
                        <include name="PVRGuideChannelItemLayout" content="PVRGuideChannelItemLayout" condition="!Skin.HasSetting(pvrGuideHighlightChannel)">
                            <param name="panelcolor" value="$INFO[Skin.String(PVRGuideItemColorUnfocus)]" />
                            <param name="textcolor" value="$INFO[Skin.String(PVRGuideItemTextColorUnfocus)]" />
                            <param name="font" value="Reg26" />
                        </include>
                        <include name="PVRGuideChannelItemLayout" content="PVRGuideChannelItemLayout" condition="Skin.HasSetting(pvrGuideHighlightChannel)">
                            <param name="panelcolor" value="$INFO[Skin.String(PVRGuideItemColorFocus)]" />
                            <param name="textcolor" value="$INFO[Skin.String(PVRGuideItemTextColorFocus)]" />
                            <param name="font" value="Reg26" />
                        </include>
                    </focusedchannellayout>
                    <channellayout height="70" width="200" condition="skin.string(GuideRows, 9) + Skin.HasSetting(HideChannelNamesInGuide)">
                        <include name="PVRGuideChannelItemLayout" content="PVRGuideChannelItemLayout">
                            <param name="panelcolor" value="$INFO[Skin.String(PVRGuideItemColorUnfocus)]" />
                            <param name="textcolor" value="$INFO[Skin.String(PVRGuideItemTextColorUnfocus)]" />
                            <param name="font" value="Reg26" />
                        </include>
                    </channellayout>
                    <focusedchannellayout height="70" width="200" condition="skin.string(GuideRows, 9) + Skin.HasSetting(HideChannelNamesInGuide)">
                        <include name="PVRGuideChannelItemLayout" content="PVRGuideChannelItemLayout" condition="!Skin.HasSetting(pvrGuideHighlightChannel)">
                            <param name="panelcolor" value="$INFO[Skin.String(PVRGuideItemColorUnfocus)]" />
                            <param name="textcolor" value="$INFO[Skin.String(PVRGuideItemTextColorUnfocus)]" />
                            <param name="font" value="Reg26" />
                        </include>
                        <include name="PVRGuideChannelItemLayout" content="PVRGuideChannelItemLayout" condition="Skin.HasSetting(pvrGuideHighlightChannel)">
                            <param name="panelcolor" value="$INFO[Skin.String(PVRGuideItemColorFocus)]" />
                            <param name="textcolor" value="$INFO[Skin.String(PVRGuideItemTextColorFocus)]" />
                            <param name="font" value="Reg26" />
                        </include>
                    </focusedchannellayout>
                    <itemlayout height="70" width="60" condition="skin.string(GuideRows, 9)">
                        <include>PVRGuideItemLayout</include>
                    </itemlayout>
                    <focusedlayout height="70" width="60" condition="skin.string(GuideRows, 9)">
                        <include>PVRGuideItemLayoutFocus</include>
                    </focusedlayout>                  
                </control>

			</control>
	   </control>
    
		<!--Sub Menu-->
        <include condition="String.IsEmpty(Window(home).Property(pvrGuideOnFullscreenVideo))">SideBladeMenuTabLeft</include>
		<include condition="String.IsEmpty(Window(home).Property(pvrGuideOnFullscreenVideo))">SideBladeMenuTabTop</include>
		<include condition="String.IsEmpty(Window(home).Property(pvrGuideOnFullscreenVideo))">PVRsideblade</include>
		
		<!--NowPlaying-->
        <include condition="Skin.HasTheme(classic)">NowPlayingMusicClassic</include>
        <include condition="Skin.HasTheme(classic)">NowPlayingVideoClassic</include>
        
        <include condition="Skin.HasSetting(DebugGrid) | Skin.HasSetting(DebugInfo)">DebugInfo</include>
	</controls>
</window>