<?xml version="1.0" encoding="utf-8"?>
<!--Titan-->
<window>
    <defaultcontrol>8</defaultcontrol>
    <allowoverlay>no</allowoverlay>
    <controls>
        <control type="videowindow" id="20">
            <description>videowindow</description>
            <include>DimensionsFullscreen</include>
        </control>
        <control type="group">
            <control type="mover" id="8">
                <description>top left mover</description>
                <posx>0</posx>
                <posy>0</posy>
                <texturefocus>calibrate/cal_tl_fo.png</texturefocus>
                <texturenofocus>calibrate/cal_tl.png</texturenofocus>
                <width>128</width>
                <height>128</height>
            </control>
            <control type="mover" id="9">
                <description>right bottom mover</description>
                <posx>700</posx>
                <posy>500</posy>
                <texturefocus>calibrate/cal_br_fo.png</texturefocus>
                <texturenofocus>calibrate/cal_br.png</texturenofocus>
                <width>128</width>
                <height>128</height>
            </control>
            <control type="mover" id="10">
                <description>subtitle position mover</description>
                <posx>200</posx>
                <posy>500</posy>
                <texturefocus>calibrate/cal_sub_fo.png</texturefocus>
                <texturenofocus>calibrate/cal_sub.png</texturenofocus>
                <width>128</width>
                <height>128</height>
            </control>
            <control type="resize" id="11">
                <description>pixel aspect ratio</description>
                <posx>0</posx>
                <posy>390</posy>
                <width>500</width>
                <height>500</height>
                <texturefocus>calibrate/cal_ratio_fo.png</texturefocus>
                <texturenofocus>calibrate/cal_ratio.png</texturenofocus>
                <width>128</width>
                <height>128</height>
            </control>
            <control type="label" id="2">
                <description>coordinates label</description>
                <posx>0</posx>
                <posy>150</posy>
                <width>100%</width>
                <align>center</align>
                <label>-</label>
                <font>Light40</font>
                <shadowcolor>FF000000</shadowcolor>
            </control>
            <control type="label" id="3">
                <description>help information</description>
                <posx>0</posx>
                <posy>210</posy>
                <width>100%</width>
                <align>center</align>
                <label>-</label>
                <font>Light40</font>
                <shadowcolor>FF000000</shadowcolor>
            </control>
        </control>
    </controls>
</window>