<?xml version="1.0" encoding="utf-8"?>
<!--BINGIE-->
<shortcuts>
	<!-- live tv -->
	<shortcut>
		<label>$LOCALIZE[32022]</label>
		<label2>$LOCALIZE[32022]</label2>
		<icon>shortcuts/antenna.png</icon>
		<thumb>$INFO[Window(Home).Property(SkinHelper.PvrBackground)]</thumb>
		<action>ActivateWindow(TVGuide)</action>
	</shortcut>

	<!-- search -->
	<shortcut>
		<label>$LOCALIZE[137]</label>
		<label2>$LOCALIZE[137]</label2>
		<icon>shortcuts/search.png</icon>
		<thumb/>
		<action>RunAddOn(script.globalsearch)</action>
		<visible>Skin.String(HomeLayout,netflix2)</visible>
	</shortcut>

	<!-- home -->
	<shortcut>
		<label>$LOCALIZE[10000]</label>
		<label2>$LOCALIZE[10000]</label2>
		<icon>shortcuts/home.png</icon>
		<thumb />
		<action>ActivateWindow(home,return)</action>
		<visible>Skin.String(HomeLayout,netflix2)</visible>
	</shortcut>

	<!-- series hub -->
	<shortcut>
		<label>$LOCALIZE[20343]</label>
		<label2>$LOCALIZE[20343]</label2>
		<icon>shortcuts/tv.png</icon>
        <thumb>$INFO[Window(Home).Property(SkinHelper.AllTvShowsBackground)]</thumb>
		<action>ActivateWindow(3017,return)</action>
	</shortcut>

	<!-- movies hub -->
	<shortcut>
		<label>$LOCALIZE[342]</label>
		<label2>$LOCALIZE[342]</label2>
		<icon>shortcuts/clapperboard.png</icon>
        <thumb>$INFO[Window(Home).Property(SkinHelper.AllMoviesBackground)]</thumb>
		<action>ActivateWindow(3018,return)</action>
	</shortcut>

	<!-- my list hub -->
    <shortcut>
        <label>$LOCALIZE[31534]</label>
        <label2>$LOCALIZE[31534]</label2>
        <icon>shortcuts/mylist.png</icon>
        <thumb />
        <action>ActivateWindow(3021,return)</action>
        <visible>Skin.String(HomeLayout,netflix2)</visible>
    </shortcut>

	<!-- new hub -->
	<shortcut>
		<label>New</label>
		<label2>New</label2>
		<icon>shortcuts/new.png</icon>
		<thumb />
		<action>ActivateWindow(3020,return)</action>
        <visible>Skin.String(HomeLayout,netflix2)</visible>
	</shortcut>
</shortcuts>
