<?xml version="1.0" encoding="UTF-8" standalone="yes"?>
<addon id="repository.bingie" version="1.0.0" name="bingie repository" provider-name="cartmandos">
	<extension point="xbmc.addon.repository" name="bingie repository">
		<info compressed="false">https://raw.githubusercontent.com/cartmandos/repository.bingie/master/addons.xml</info>
		<datadir zip="true">https://raw.githubusercontent.com/cartmandos/repository.bingie/master/</datadir>
	</extension>
	<extension point="xbmc.addon.metadata">
		<summary lang="en">Kodi repository for bingie mod(e) and extras</summary>
		<description lang="en">bingie repository currently under construction and in alpha stage</description>
		<platform>all</platform>
	</extension>
</addon>