<?xml version="1.0" encoding="UTF-8" standalone="yes"?>
<addon id="repository.bingie" name="bingie repository" provider-name="cartmandos" version="1.0.0">
	<extension name="bingie repository" point="xbmc.addon.repository">
		<info compressed="false">https://raw.githubusercontent.com/cartmandos/repository.bingie/master/addons.xml</info>
		<checksum>https://raw.githubusercontent.com/cartmandos/repository.bingie/master/addons.xml.md5</checksum>
		<datadir zip="true">https://raw.githubusercontent.com/cartmandos/repository.bingie/master/</datadir>
	</extension>
	<extension point="xbmc.addon.metadata">
		<summary lang="en">Kodi repository for BINGIE and more</summary>
		<description lang="en">BINGIE repository</description>
		<platform>all</platform>
	</extension>
</addon>